rank,track,artist,streams,chart_date
1,"list(label = c(""https://is1-ssl.mzstatic.com/image/thumb/Music221/v4/e2/91/4d/e2914d0a-7f1d-f04c-fbf4-c50b38548838/196873638690.jpg/55x55bb.png"", ""https://is1-ssl.mzstatic.com/image/thumb/Music221/v4/e2/91/4d/e2914d0a-7f1d-f04c-fbf4-c50b38548838/196873638690.jpg/60x60bb.png"", ""https://is1-ssl.mzstatic.com/image/thumb/Music221/v4/e2/91/4d/e2914d0a-7f1d-f04c-fbf4-c50b38548838/196873638690.jpg/170x170bb.png""), attributes.height = c(""55"", ""60"", ""170""))","list(attributes.rel = c(""alternate"", ""enclosure""), attributes.type = c(""text/html"", ""audio/x-m4a""), attributes.href = c(""https://music.apple.com/us/album/choosin-texas/1844932149?i=1844932150&uo=2"", ""https://audio-ssl.itunes.apple.com/itunes-assets/AudioPreview211/v4/38/49/4c/38494cb4-f9e0-1db4-0b84-8c478cb55390/mzaf_4251933786704889664.plus.aac.p.m4a""), attributes.title = c(NA, ""Preview""), `attributes.im:assetType` = c(NA, ""preview""), `im:duration.label` = c(NA, ""30000""))",NA,2026-02-20
2,"list(label = c(""https://is1-ssl.mzstatic.com/image/thumb/Music221/v4/f7/82/36/f782363a-bf75-ee8a-6764-fe6fc3a74fe5/26UMGIM19443.rgb.jpg/55x55bb.png"", ""https://is1-ssl.mzstatic.com/image/thumb/Music221/v4/f7/82/36/f782363a-bf75-ee8a-6764-fe6fc3a74fe5/26UMGIM19443.rgb.jpg/60x60bb.png"", ""https://is1-ssl.mzstatic.com/image/thumb/Music221/v4/f7/82/36/f782363a-bf75-ee8a-6764-fe6fc3a74fe5/26UMGIM19443.rgb.jpg/170x170bb.png""), attributes.height = c(""55"", ""60"", ""170""))","list(attributes.rel = c(""alternate"", ""enclosure""), attributes.type = c(""text/html"", ""audio/x-m4a""), attributes.href = c(""https://music.apple.com/us/album/opalite-chris-lake-remix/1877539028?i=1877539030&uo=2"", ""https://audio-ssl.itunes.apple.com/itunes-assets/AudioPreview211/v4/64/f5/c5/64f5c5ec-f651-a349-5212-69157f093f08/mzaf_15410920775629873151.plus.aac.p.m4a""), attributes.title = c(NA, ""Preview""), `attributes.im:assetType` = c(NA, ""preview""), `im:duration.label` = c(NA, ""30000""))",NA,2026-02-20
3,"list(label = c(""https://is1-ssl.mzstatic.com/image/thumb/Music211/v4/a1/ba/64/a1ba6484-f462-1b88-ddff-d4c014d5f265/196874018361.jpg/55x55bb.png"", ""https://is1-ssl.mzstatic.com/image/thumb/Music211/v4/a1/ba/64/a1ba6484-f462-1b88-ddff-d4c014d5f265/196874018361.jpg/60x60bb.png"", ""https://is1-ssl.mzstatic.com/image/thumb/Music211/v4/a1/ba/64/a1ba6484-f462-1b88-ddff-d4c014d5f265/196874018361.jpg/170x170bb.png""), attributes.height = c(""55"", ""60"", ""170""))","list(attributes.rel = c(""alternate"", ""enclosure""), attributes.type = c(""text/html"", ""audio/x-m4a""), attributes.href = c(""https://music.apple.com/us/album/be-her/1869436835?i=1869436845&uo=2"", ""https://audio-ssl.itunes.apple.com/itunes-assets/AudioPreview211/v4/b2/ca/0a/b2ca0a9a-205f-0a84-55ca-d7b6078c00d2/mzaf_776182535872852046.plus.aac.p.m4a""), attributes.title = c(NA, ""Preview""), `attributes.im:assetType` = c(NA, ""preview""), `im:duration.label` = c(NA, ""30000""))",NA,2026-02-20
4,"list(label = c(""https://is1-ssl.mzstatic.com/image/thumb/Music211/v4/ed/46/bf/ed46bf4e-7cb9-965a-54f3-03059977fe6c/075679589293.jpg/55x55bb.png"", ""https://is1-ssl.mzstatic.com/image/thumb/Music211/v4/ed/46/bf/ed46bf4e-7cb9-965a-54f3-03059977fe6c/075679589293.jpg/60x60bb.png"", ""https://is1-ssl.mzstatic.com/image/thumb/Music211/v4/ed/46/bf/ed46bf4e-7cb9-965a-54f3-03059977fe6c/075679589293.jpg/170x170bb.png""), attributes.height = c(""55"", ""60"", ""170""))","list(attributes.rel = c(""alternate"", ""enclosure""), attributes.type = c(""text/html"", ""audio/x-m4a""), attributes.href = c(""https://music.apple.com/us/album/i-just-might/1866732792?i=1866732800&uo=2"", ""https://audio-ssl.itunes.apple.com/itunes-assets/AudioPreview211/v4/03/a6/0b/03a60bb3-1154-5b30-bdb4-b42c47a46d79/mzaf_3162613151478501479.plus.aac.p.m4a""), attributes.title = c(NA, ""Preview""), `attributes.im:assetType` = c(NA, ""preview""), `im:duration.label` = c(NA, ""30000""))",NA,2026-02-20
5,"list(label = c(""https://is1-ssl.mzstatic.com/image/thumb/Music221/v4/b7/d0/6d/b7d06d2d-2083-f417-b18d-f8ac862547b0/075679588968.jpg/55x55bb.png"", ""https://is1-ssl.mzstatic.com/image/thumb/Music221/v4/b7/d0/6d/b7d06d2d-2083-f417-b18d-f8ac862547b0/075679588968.jpg/60x60bb.png"", ""https://is1-ssl.mzstatic.com/image/thumb/Music221/v4/b7/d0/6d/b7d06d2d-2083-f417-b18d-f8ac862547b0/075679588968.jpg/170x170bb.png""), attributes.height = c(""55"", ""60"", ""170""))","list(attributes.rel = c(""alternate"", ""enclosure""), attributes.type = c(""text/html"", ""audio/x-m4a""), attributes.href = c(""https://music.apple.com/us/album/drag-path/1876977594?i=1876977596&uo=2"", ""https://audio-ssl.itunes.apple.com/itunes-assets/AudioPreview221/v4/5c/e1/8d/5ce18dc7-92e0-c437-1c4c-3eb133a7dad3/mzaf_16869785547693954708.plus.aac.p.m4a""), attributes.title = c(NA, ""Preview""), `attributes.im:assetType` = c(NA, ""preview""), `im:duration.label` = c(NA, ""30000""))",NA,2026-02-20
6,"list(label = c(""https://is1-ssl.mzstatic.com/image/thumb/Music221/v4/80/4e/79/804e7916-d1f1-4db8-f766-45a77eeb3408/26UMGIM19444.rgb.jpg/55x55bb.png"", ""https://is1-ssl.mzstatic.com/image/thumb/Music221/v4/80/4e/79/804e7916-d1f1-4db8-f766-45a77eeb3408/26UMGIM19444.rgb.jpg/60x60bb.png"", ""https://is1-ssl.mzstatic.com/image/thumb/Music221/v4/80/4e/79/804e7916-d1f1-4db8-f766-45a77eeb3408/26UMGIM19444.rgb.jpg/170x170bb.png""), attributes.height = c(""55"", ""60"", ""170""))","list(attributes.rel = c(""alternate"", ""enclosure""), attributes.type = c(""text/html"", ""audio/x-m4a""), attributes.href = c(""https://music.apple.com/us/album/opalite-bunt-remix/1877752474?i=1877752475&uo=2"", ""https://audio-ssl.itunes.apple.com/itunes-assets/AudioPreview211/v4/b9/3f/2a/b93f2a1e-e30e-a413-f190-be77cd7ff6f7/mzaf_3684837020667553550.plus.aac.p.m4a""), attributes.title = c(NA, ""Preview""), `attributes.im:assetType` = c(NA, ""preview""), `im:duration.label` = c(NA, ""30000""))",NA,2026-02-20
7,"list(label = c(""https://is1-ssl.mzstatic.com/image/thumb/Music211/v4/46/78/fb/4678fb84-d19e-f11b-93ff-4dc17660bff8/075679619075.jpg/55x55bb.png"", ""https://is1-ssl.mzstatic.com/image/thumb/Music211/v4/46/78/fb/4678fb84-d19e-f11b-93ff-4dc17660bff8/075679619075.jpg/60x60bb.png"", ""https://is1-ssl.mzstatic.com/image/thumb/Music211/v4/46/78/fb/4678fb84-d19e-f11b-93ff-4dc17660bff8/075679619075.jpg/170x170bb.png""), attributes.height = c(""55"", ""60"", ""170""))","list(attributes.rel = c(""alternate"", ""enclosure""), attributes.type = c(""text/html"", ""audio/x-m4a""), attributes.href = c(""https://music.apple.com/us/album/ordinary/1793663382?i=1793663645&uo=2"", ""https://audio-ssl.itunes.apple.com/itunes-assets/AudioPreview211/v4/f4/2f/82/f42f82e5-e164-dd14-4f9a-2767d0215bae/mzaf_2512873933120069750.plus.aac.p.m4a""), attributes.title = c(NA, ""Preview""), `attributes.im:assetType` = c(NA, ""preview""), `im:duration.label` = c(NA, ""30000""))",NA,2026-02-20
8,"list(label = c(""https://is1-ssl.mzstatic.com/image/thumb/Music221/v4/4c/b6/e5/4cb6e5b1-2db0-88c0-f025-b79cad3b8fab/196873832111.jpg/55x55bb.png"", ""https://is1-ssl.mzstatic.com/image/thumb/Music221/v4/4c/b6/e5/4cb6e5b1-2db0-88c0-f025-b79cad3b8fab/196873832111.jpg/60x60bb.png"", ""https://is1-ssl.mzstatic.com/image/thumb/Music221/v4/4c/b6/e5/4cb6e5b1-2db0-88c0-f025-b79cad3b8fab/196873832111.jpg/170x170bb.png""), attributes.height = c(""55"", ""60"", ""170""))","list(attributes.rel = c(""alternate"", ""enclosure""), attributes.type = c(""text/html"", ""audio/x-m4a""), attributes.href = c(""https://music.apple.com/us/album/be-by-you/1862634688?i=1862634805&uo=2"", ""https://audio-ssl.itunes.apple.com/itunes-assets/AudioPreview211/v4/1f/52/aa/1f52aae2-92dc-10a5-178f-5421fb3590aa/mzaf_7665736157791908047.plus.aac.p.m4a""), attributes.title = c(NA, ""Preview""), `attributes.im:assetType` = c(NA, ""preview""), `im:duration.label` = c(NA, ""30000""))",NA,2026-02-20
9,"list(label = c(""https://is1-ssl.mzstatic.com/image/thumb/Music211/v4/97/4e/c9/974ec90f-8b20-0deb-f0ab-08e90560436e/26UMGIM19445.rgb.jpg/55x55bb.png"", ""https://is1-ssl.mzstatic.com/image/thumb/Music211/v4/97/4e/c9/974ec90f-8b20-0deb-f0ab-08e90560436e/26UMGIM19445.rgb.jpg/60x60bb.png"", ""https://is1-ssl.mzstatic.com/image/thumb/Music211/v4/97/4e/c9/974ec90f-8b20-0deb-f0ab-08e90560436e/26UMGIM19445.rgb.jpg/170x170bb.png""), attributes.height = c(""55"", ""60"", ""170""))","list(attributes.rel = c(""alternate"", ""enclosure""), attributes.type = c(""text/html"", ""audio/x-m4a""), attributes.href = c(""https://music.apple.com/us/album/opalite-ely-oaks-remix/1877752626?i=1877752627&uo=2"", ""https://audio-ssl.itunes.apple.com/itunes-assets/AudioPreview221/v4/e6/89/c2/e689c2a8-f455-4d4f-beec-4b4516f87046/mzaf_1793325810803098824.plus.aac.p.m4a""), attributes.title = c(NA, ""Preview""), `attributes.im:assetType` = c(NA, ""preview""), `im:duration.label` = c(NA, ""30000""))",NA,2026-02-20
10,"list(label = c(""https://is1-ssl.mzstatic.com/image/thumb/Music221/v4/63/cf/b5/63cfb5fd-e324-a6f2-85e9-650ac31eab92/ticket.zrbtimht.jpg/55x55bb.png"", ""https://is1-ssl.mzstatic.com/image/thumb/Music221/v4/63/cf/b5/63cfb5fd-e324-a6f2-85e9-650ac31eab92/ticket.zrbtimht.jpg/60x60bb.png"", ""https://is1-ssl.mzstatic.com/image/thumb/Music221/v4/63/cf/b5/63cfb5fd-e324-a6f2-85e9-650ac31eab92/ticket.zrbtimht.jpg/170x170bb.png""), attributes.height = c(""55"", ""60"", ""170""))","list(attributes.rel = c(""alternate"", ""enclosure""), attributes.type = c(""text/html"", ""audio/x-m4a""), attributes.href = c(""https://music.apple.com/us/album/twisting-the-knife-feat-mckenna-grace/1871023713?i=1871023730&uo=2"", ""https://audio-ssl.itunes.apple.com/itunes-assets/AudioPreview211/v4/e0/ea/29/e0ea295e-8d63-825b-6f91-117b964a95a1/mzaf_15229904632806144740.plus.aac.p.m4a""), attributes.title = c(NA, ""Preview""), `attributes.im:assetType` = c(NA, ""preview""), `im:duration.label` = c(NA, ""30000""))",NA,2026-02-20
11,"list(label = c(""https://is1-ssl.mzstatic.com/image/thumb/Music221/v4/58/8f/a9/588fa9a2-7cc5-f02c-9ce6-c986e0dc1c15/25UM1IM19577.rgb.jpg/55x55bb.png"", ""https://is1-ssl.mzstatic.com/image/thumb/Music221/v4/58/8f/a9/588fa9a2-7cc5-f02c-9ce6-c986e0dc1c15/25UM1IM19577.rgb.jpg/60x60bb.png"", ""https://is1-ssl.mzstatic.com/image/thumb/Music221/v4/58/8f/a9/588fa9a2-7cc5-f02c-9ce6-c986e0dc1c15/25UM1IM19577.rgb.jpg/170x170bb.png""), attributes.height = c(""55"", ""60"", ""170""))","list(attributes.rel = c(""alternate"", ""enclosure""), attributes.type = c(""text/html"", ""audio/x-m4a""), attributes.href = c(""https://music.apple.com/us/album/opalite/1838810949?i=1838810953&uo=2"", ""https://audio-ssl.itunes.apple.com/itunes-assets/AudioPreview221/v4/84/94/9d/84949d58-7d09-3255-6acf-542073931d8c/mzaf_14614880375013905164.plus.aac.p.m4a""), attributes.title = c(NA, ""Preview""), `attributes.im:assetType` = c(NA, ""preview""), `im:duration.label` = c(NA, ""30000""))",NA,2026-02-20
12,"list(label = c(""https://is1-ssl.mzstatic.com/image/thumb/Music211/v4/a6/67/12/a6671221-556f-69f7-988b-2790202817cc/26UMGIM19446.rgb.jpg/55x55bb.png"", ""https://is1-ssl.mzstatic.com/image/thumb/Music211/v4/a6/67/12/a6671221-556f-69f7-988b-2790202817cc/26UMGIM19446.rgb.jpg/60x60bb.png"", ""https://is1-ssl.mzstatic.com/image/thumb/Music211/v4/a6/67/12/a6671221-556f-69f7-988b-2790202817cc/26UMGIM19446.rgb.jpg/170x170bb.png""), attributes.height = c(""55"", ""60"", ""170""))","list(attributes.rel = c(""alternate"", ""enclosure""), attributes.type = c(""text/html"", ""audio/x-m4a""), attributes.href = c(""https://music.apple.com/us/album/opalite-skream-remix/1877753472?i=1877753473&uo=2"", ""https://audio-ssl.itunes.apple.com/itunes-assets/AudioPreview211/v4/34/92/f6/3492f669-1ff0-fd81-3a15-d24dfd1bab1f/mzaf_18016684450813820196.plus.aac.p.m4a""), attributes.title = c(NA, ""Preview""), `attributes.im:assetType` = c(NA, ""preview""), `im:duration.label` = c(NA, ""30000""))",NA,2026-02-20
13,"list(label = c(""https://is1-ssl.mzstatic.com/image/thumb/Music211/v4/f2/7c/e1/f27ce111-7323-70ac-0924-7fdcf06ed998/artwork.jpg/55x55bb.png"", ""https://is1-ssl.mzstatic.com/image/thumb/Music211/v4/f2/7c/e1/f27ce111-7323-70ac-0924-7fdcf06ed998/artwork.jpg/60x60bb.png"", ""https://is1-ssl.mzstatic.com/image/thumb/Music211/v4/f2/7c/e1/f27ce111-7323-70ac-0924-7fdcf06ed998/artwork.jpg/170x170bb.png""), attributes.height = c(""55"", ""60"", ""170""))","list(attributes.rel = c(""alternate"", ""enclosure""), attributes.type = c(""text/html"", ""audio/x-m4a""), attributes.href = c(""https://music.apple.com/us/album/til-you-cant/1875354792?i=1875354793&uo=2"", ""https://audio-ssl.itunes.apple.com/itunes-assets/AudioPreview211/v4/08/da/47/08da472d-59d2-02ec-12fc-9376eee47969/mzaf_3438471932621697752.plus.aac.p.m4a""), attributes.title = c(NA, ""Preview""), `attributes.im:assetType` = c(NA, ""preview""), `im:duration.label` = c(NA, ""30000""))",NA,2026-02-20
14,"list(label = c(""https://is1-ssl.mzstatic.com/image/thumb/Music211/v4/ab/4d/3d/ab4d3dcb-704e-4ab5-bbaf-dcfaf6163c1a/196874077870.jpg/55x55bb.png"", ""https://is1-ssl.mzstatic.com/image/thumb/Music211/v4/ab/4d/3d/ab4d3dcb-704e-4ab5-bbaf-dcfaf6163c1a/196874077870.jpg/60x60bb.png"", ""https://is1-ssl.mzstatic.com/image/thumb/Music211/v4/ab/4d/3d/ab4d3dcb-704e-4ab5-bbaf-dcfaf6163c1a/196874077870.jpg/170x170bb.png""), attributes.height = c(""55"", ""60"", ""170""))","list(attributes.rel = c(""alternate"", ""enclosure""), attributes.type = c(""text/html"", ""audio/x-m4a""), attributes.href = c(""https://music.apple.com/us/album/your-favorite-toy/1877913489?i=1877913734&uo=2"", ""https://audio-ssl.itunes.apple.com/itunes-assets/AudioPreview211/v4/9c/33/03/9c3303b9-b3ca-fd59-03aa-57388ad74bf4/mzaf_13156131251371096212.plus.aac.p.m4a""), attributes.title = c(NA, ""Preview""), `attributes.im:assetType` = c(NA, ""preview""), `im:duration.label` = c(NA, ""30000""))",NA,2026-02-20
15,"list(label = c(""https://is1-ssl.mzstatic.com/image/thumb/Music221/v4/08/e2/21/08e22164-7c0b-1522-818f-e0e74f62dc49/25UMGIM69703.rgb.jpg/55x55bb.png"", ""https://is1-ssl.mzstatic.com/image/thumb/Music221/v4/08/e2/21/08e22164-7c0b-1522-818f-e0e74f62dc49/25UMGIM69703.rgb.jpg/60x60bb.png"", ""https://is1-ssl.mzstatic.com/image/thumb/Music221/v4/08/e2/21/08e22164-7c0b-1522-818f-e0e74f62dc49/25UMGIM69703.rgb.jpg/170x170bb.png""), attributes.height = c(""55"", ""60"", ""170""))","list(attributes.rel = c(""alternate"", ""enclosure""), attributes.type = c(""text/html"", ""audio/x-m4a""), attributes.href = c(""https://music.apple.com/us/album/man-i-need/1817609404?i=1817609509&uo=2"", ""https://audio-ssl.itunes.apple.com/itunes-assets/AudioPreview211/v4/81/2c/6d/812c6df3-5481-5e61-b5d1-306d485b0d9d/mzaf_6058256111555931162.plus.aac.p.m4a""), attributes.title = c(NA, ""Preview""), `attributes.im:assetType` = c(NA, ""preview""), `im:duration.label` = c(NA, ""30000""))",NA,2026-02-20
16,"list(label = c(""https://is1-ssl.mzstatic.com/image/thumb/Music211/v4/a1/ba/64/a1ba6484-f462-1b88-ddff-d4c014d5f265/196874018361.jpg/55x55bb.png"", ""https://is1-ssl.mzstatic.com/image/thumb/Music211/v4/a1/ba/64/a1ba6484-f462-1b88-ddff-d4c014d5f265/196874018361.jpg/60x60bb.png"", ""https://is1-ssl.mzstatic.com/image/thumb/Music211/v4/a1/ba/64/a1ba6484-f462-1b88-ddff-d4c014d5f265/196874018361.jpg/170x170bb.png""), attributes.height = c(""55"", ""60"", ""170""))","list(attributes.rel = c(""alternate"", ""enclosure""), attributes.type = c(""text/html"", ""audio/x-m4a""), attributes.href = c(""https://music.apple.com/us/album/dandelion/1869436835?i=1869436838&uo=2"", ""https://audio-ssl.itunes.apple.com/itunes-assets/AudioPreview211/v4/0b/7c/8a/0b7c8aa3-05f1-2917-0bfd-b594a03b766f/mzaf_4865349311889666465.plus.aac.p.m4a""), attributes.title = c(NA, ""Preview""), `attributes.im:assetType` = c(NA, ""preview""), `im:duration.label` = c(NA, ""30000""))",NA,2026-02-20
17,"list(label = c(""https://is1-ssl.mzstatic.com/image/thumb/Music221/v4/ba/3b/13/ba3b1335-5d86-2f77-2ee2-1077cf4f4d1f/26SYMIM26328.rgb.jpg/55x55bb.png"", ""https://is1-ssl.mzstatic.com/image/thumb/Music221/v4/ba/3b/13/ba3b1335-5d86-2f77-2ee2-1077cf4f4d1f/26SYMIM26328.rgb.jpg/60x60bb.png"", ""https://is1-ssl.mzstatic.com/image/thumb/Music221/v4/ba/3b/13/ba3b1335-5d86-2f77-2ee2-1077cf4f4d1f/26SYMIM26328.rgb.jpg/170x170bb.png""), attributes.height = c(""55"", ""60"", ""170""))","list(attributes.rel = c(""alternate"", ""enclosure""), attributes.type = c(""text/html"", ""audio/x-m4a""), attributes.href = c(""https://music.apple.com/us/album/he-can/1871608991?i=1871608999&uo=2"", ""https://audio-ssl.itunes.apple.com/itunes-assets/AudioPreview211/v4/66/d4/d6/66d4d6d2-dd64-641b-4b58-7a446c28b287/mzaf_13032517865296750810.plus.aac.p.m4a""), attributes.title = c(NA, ""Preview""), `attributes.im:assetType` = c(NA, ""preview""), `im:duration.label` = c(NA, ""30000""))",NA,2026-02-20
18,"list(label = c(""https://is1-ssl.mzstatic.com/image/thumb/Music211/v4/ab/4d/3d/ab4d3dcb-704e-4ab5-bbaf-dcfaf6163c1a/196874077870.jpg/55x55bb.png"", ""https://is1-ssl.mzstatic.com/image/thumb/Music211/v4/ab/4d/3d/ab4d3dcb-704e-4ab5-bbaf-dcfaf6163c1a/196874077870.jpg/60x60bb.png"", ""https://is1-ssl.mzstatic.com/image/thumb/Music211/v4/ab/4d/3d/ab4d3dcb-704e-4ab5-bbaf-dcfaf6163c1a/196874077870.jpg/170x170bb.png""), attributes.height = c(""55"", ""60"", ""170""))","list(attributes.rel = c(""alternate"", ""enclosure""), attributes.type = c(""text/html"", ""audio/x-m4a""), attributes.href = c(""https://music.apple.com/us/album/asking-for-a-friend/1877913489?i=1877913743&uo=2"", ""https://audio-ssl.itunes.apple.com/itunes-assets/AudioPreview211/v4/84/ec/69/84ec6930-227b-d445-04b6-0915e9f1236c/mzaf_4092704934209032702.plus.aac.p.m4a""), attributes.title = c(NA, ""Preview""), `attributes.im:assetType` = c(NA, ""preview""), `im:duration.label` = c(NA, ""30000""))",NA,2026-02-20
19,"list(label = c(""https://is1-ssl.mzstatic.com/image/thumb/Music221/v4/fe/18/fc/fe18fc8e-e514-cadf-a726-d677a8e02b1d/artwork.jpg/55x55bb.png"", ""https://is1-ssl.mzstatic.com/image/thumb/Music221/v4/fe/18/fc/fe18fc8e-e514-cadf-a726-d677a8e02b1d/artwork.jpg/60x60bb.png"", ""https://is1-ssl.mzstatic.com/image/thumb/Music221/v4/fe/18/fc/fe18fc8e-e514-cadf-a726-d677a8e02b1d/artwork.jpg/170x170bb.png""), attributes.height = c(""55"", ""60"", ""170""))","list(attributes.rel = c(""alternate"", ""enclosure""), attributes.type = c(""text/html"", ""audio/x-m4a""), attributes.href = c(""https://music.apple.com/us/album/black-sheep/1847958506?i=1847958507&uo=2"", ""https://audio-ssl.itunes.apple.com/itunes-assets/AudioPreview211/v4/a3/66/a1/a366a151-7879-1962-433d-7e42787a075f/mzaf_1928974510369041576.plus.aac.p.m4a""), attributes.title = c(NA, ""Preview""), `attributes.im:assetType` = c(NA, ""preview""), `im:duration.label` = c(NA, ""30000""))",NA,2026-02-20
20,"list(label = c(""https://is1-ssl.mzstatic.com/image/thumb/Music221/v4/d2/e4/a4/d2e4a48c-9440-10d1-0e42-b817bf59addc/26UMGIM16041.rgb.jpg/55x55bb.png"", ""https://is1-ssl.mzstatic.com/image/thumb/Music221/v4/d2/e4/a4/d2e4a48c-9440-10d1-0e42-b817bf59addc/26UMGIM16041.rgb.jpg/60x60bb.png"", ""https://is1-ssl.mzstatic.com/image/thumb/Music221/v4/d2/e4/a4/d2e4a48c-9440-10d1-0e42-b817bf59addc/26UMGIM16041.rgb.jpg/170x170bb.png""), attributes.height = c(""55"", ""60"", ""170""))","list(attributes.rel = c(""alternate"", ""enclosure""), attributes.type = c(""text/html"", ""audio/x-m4a""), attributes.href = c(""https://music.apple.com/us/album/american-obituary/1875348241?i=1875348242&uo=2"", ""https://audio-ssl.itunes.apple.com/itunes-assets/AudioPreview211/v4/ca/25/b7/ca25b7fd-0960-0da3-7ed1-9b0351adb8f0/mzaf_11953211445378097360.plus.aac.p.m4a""), attributes.title = c(NA, ""Preview""), `attributes.im:assetType` = c(NA, ""preview""), `im:duration.label` = c(NA, ""30000""))",NA,2026-02-20
21,"list(label = c(""https://is1-ssl.mzstatic.com/image/thumb/Music221/v4/58/8f/a9/588fa9a2-7cc5-f02c-9ce6-c986e0dc1c15/25UM1IM19577.rgb.jpg/55x55bb.png"", ""https://is1-ssl.mzstatic.com/image/thumb/Music221/v4/58/8f/a9/588fa9a2-7cc5-f02c-9ce6-c986e0dc1c15/25UM1IM19577.rgb.jpg/60x60bb.png"", ""https://is1-ssl.mzstatic.com/image/thumb/Music221/v4/58/8f/a9/588fa9a2-7cc5-f02c-9ce6-c986e0dc1c15/25UM1IM19577.rgb.jpg/170x170bb.png""), attributes.height = c(""55"", ""60"", ""170""))","list(attributes.rel = c(""alternate"", ""enclosure""), attributes.type = c(""text/html"", ""audio/x-m4a""), attributes.href = c(""https://music.apple.com/us/album/the-fate-of-ophelia/1838810949?i=1838810951&uo=2"", ""https://audio-ssl.itunes.apple.com/itunes-assets/AudioPreview211/v4/d4/98/5a/d4985a3b-a00a-b378-6836-0131f81e8eb7/mzaf_158018144022031344.plus.aac.p.m4a""), attributes.title = c(NA, ""Preview""), `attributes.im:assetType` = c(NA, ""preview""), `im:duration.label` = c(NA, ""30000""))",NA,2026-02-20
22,"list(label = c(""https://is1-ssl.mzstatic.com/image/thumb/Music211/v4/e1/15/42/e1154273-8ecd-5702-e6e6-597f28001681/25UMGIM82363.rgb.jpg/55x55bb.png"", ""https://is1-ssl.mzstatic.com/image/thumb/Music211/v4/e1/15/42/e1154273-8ecd-5702-e6e6-597f28001681/25UMGIM82363.rgb.jpg/60x60bb.png"", ""https://is1-ssl.mzstatic.com/image/thumb/Music211/v4/e1/15/42/e1154273-8ecd-5702-e6e6-597f28001681/25UMGIM82363.rgb.jpg/170x170bb.png""), attributes.height = c(""55"", ""60"", ""170""))","list(attributes.rel = c(""alternate"", ""enclosure""), attributes.type = c(""text/html"", ""audio/x-m4a""), attributes.href = c(""https://music.apple.com/us/album/golden/1820264137?i=1820264150&uo=2"", ""https://audio-ssl.itunes.apple.com/itunes-assets/AudioPreview221/v4/38/68/32/3868327b-f83f-71c7-0a0c-1813edf2b73e/mzaf_9475346657459209500.plus.aac.p.m4a""), attributes.title = c(NA, ""Preview""), `attributes.im:assetType` = c(NA, ""preview""), `im:duration.label` = c(NA, ""30000""))",NA,2026-02-20
23,"list(label = c(""https://is1-ssl.mzstatic.com/image/thumb/Music221/v4/20/cc/43/20cc43a6-f89a-f152-6d69-1bb5670f652d/075679586551.jpg/55x55bb.png"", ""https://is1-ssl.mzstatic.com/image/thumb/Music221/v4/20/cc/43/20cc43a6-f89a-f152-6d69-1bb5670f652d/075679586551.jpg/60x60bb.png"", ""https://is1-ssl.mzstatic.com/image/thumb/Music221/v4/20/cc/43/20cc43a6-f89a-f152-6d69-1bb5670f652d/075679586551.jpg/170x170bb.png""), attributes.height = c(""55"", ""60"", ""170""))","list(attributes.rel = c(""alternate"", ""enclosure""), attributes.type = c(""text/html"", ""audio/x-m4a""), attributes.href = c(""https://music.apple.com/us/album/searchlight/1877229738?i=1877229749&uo=2"", ""https://audio-ssl.itunes.apple.com/itunes-assets/AudioPreview221/v4/31/38/78/31387860-61f1-69e9-59a0-7be6c051fc8f/mzaf_15153781184072376847.plus.aac.p.m4a""), attributes.title = c(NA, ""Preview""), `attributes.im:assetType` = c(NA, ""preview""), `im:duration.label` = c(NA, ""30000""))",NA,2026-02-20
24,"list(label = c(""https://is1-ssl.mzstatic.com/image/thumb/Music221/v4/20/cc/43/20cc43a6-f89a-f152-6d69-1bb5670f652d/075679586551.jpg/55x55bb.png"", ""https://is1-ssl.mzstatic.com/image/thumb/Music221/v4/20/cc/43/20cc43a6-f89a-f152-6d69-1bb5670f652d/075679586551.jpg/60x60bb.png"", ""https://is1-ssl.mzstatic.com/image/thumb/Music221/v4/20/cc/43/20cc43a6-f89a-f152-6d69-1bb5670f652d/075679586551.jpg/170x170bb.png""), attributes.height = c(""55"", ""60"", ""170""))","list(attributes.rel = c(""alternate"", ""enclosure""), attributes.type = c(""text/html"", ""audio/x-m4a""), attributes.href = c(""https://music.apple.com/us/album/three-six-five/1877229738?i=1877229742&uo=2"", ""https://audio-ssl.itunes.apple.com/itunes-assets/AudioPreview211/v4/51/11/b3/5111b389-7042-5723-f97b-5425759ac081/mzaf_12357045455784969680.plus.aac.p.m4a""), attributes.title = c(NA, ""Preview""), `attributes.im:assetType` = c(NA, ""preview""), `im:duration.label` = c(NA, ""30000""))",NA,2026-02-20
25,"list(label = c(""https://is1-ssl.mzstatic.com/image/thumb/Music221/v4/20/cc/43/20cc43a6-f89a-f152-6d69-1bb5670f652d/075679586551.jpg/55x55bb.png"", ""https://is1-ssl.mzstatic.com/image/thumb/Music221/v4/20/cc/43/20cc43a6-f89a-f152-6d69-1bb5670f652d/075679586551.jpg/60x60bb.png"", ""https://is1-ssl.mzstatic.com/image/thumb/Music221/v4/20/cc/43/20cc43a6-f89a-f152-6d69-1bb5670f652d/075679586551.jpg/170x170bb.png""), attributes.height = c(""55"", ""60"", ""170""))","list(attributes.rel = c(""alternate"", ""enclosure""), attributes.type = c(""text/html"", ""audio/x-m4a""), attributes.href = c(""https://music.apple.com/us/album/killing-fields/1877229738?i=1877229753&uo=2"", ""https://audio-ssl.itunes.apple.com/itunes-assets/AudioPreview211/v4/90/ed/06/90ed06ae-31d4-9cbf-f3a4-45184494c7c6/mzaf_4248992385359695885.plus.aac.p.m4a""), attributes.title = c(NA, ""Preview""), `attributes.im:assetType` = c(NA, ""preview""), `im:duration.label` = c(NA, ""30000""))",NA,2026-02-20
26,"list(label = c(""https://is1-ssl.mzstatic.com/image/thumb/Music221/v4/d8/03/ce/d803ce98-a6e6-edbf-c32b-d35f1e50300d/26UMGIM14555.rgb.jpg/55x55bb.png"", ""https://is1-ssl.mzstatic.com/image/thumb/Music221/v4/d8/03/ce/d803ce98-a6e6-edbf-c32b-d35f1e50300d/26UMGIM14555.rgb.jpg/60x60bb.png"", ""https://is1-ssl.mzstatic.com/image/thumb/Music221/v4/d8/03/ce/d803ce98-a6e6-edbf-c32b-d35f1e50300d/26UMGIM14555.rgb.jpg/170x170bb.png""), attributes.height = c(""55"", ""60"", ""170""))","list(attributes.rel = c(""alternate"", ""enclosure""), attributes.type = c(""text/html"", ""audio/x-m4a""), attributes.href = c(""https://music.apple.com/us/album/white-feather-hawk-tail-deer-hunter/1877234145?i=1877234387&uo=2"", ""https://audio-ssl.itunes.apple.com/itunes-assets/AudioPreview211/v4/87/a0/8d/87a08d64-abe7-cbfd-df70-002b61fad2db/mzaf_16110706407153351655.plus.aac.p.m4a""), attributes.title = c(NA, ""Preview""), `attributes.im:assetType` = c(NA, ""preview""), `im:duration.label` = c(NA, ""30000""))",NA,2026-02-20
27,"list(label = c(""https://is1-ssl.mzstatic.com/image/thumb/Music211/v4/69/10/8a/69108a18-55ec-d774-a653-90b2242733db/199538765458.jpg/55x55bb.png"", ""https://is1-ssl.mzstatic.com/image/thumb/Music211/v4/69/10/8a/69108a18-55ec-d774-a653-90b2242733db/199538765458.jpg/60x60bb.png"", ""https://is1-ssl.mzstatic.com/image/thumb/Music211/v4/69/10/8a/69108a18-55ec-d774-a653-90b2242733db/199538765458.jpg/170x170bb.png""), attributes.height = c(""55"", ""60"", ""170""))","list(attributes.rel = c(""alternate"", ""enclosure""), attributes.type = c(""text/html"", ""audio/x-m4a""), attributes.href = c(""https://music.apple.com/us/album/where-is-my-husband/1838737596?i=1838737598&uo=2"", ""https://audio-ssl.itunes.apple.com/itunes-assets/AudioPreview211/v4/c7/16/34/c716348b-2768-3e4f-75d6-136bbb11ce6b/mzaf_17115623893667689076.plus.aac.p.m4a""), attributes.title = c(NA, ""Preview""), `attributes.im:assetType` = c(NA, ""preview""), `im:duration.label` = c(NA, ""30000""))",NA,2026-02-20
28,"list(label = c(""https://is1-ssl.mzstatic.com/image/thumb/Music126/v4/1f/de/6c/1fde6cb4-9703-c214-cdc6-8ecf7d0f0aa0/197189040030.jpg/55x55bb.png"", ""https://is1-ssl.mzstatic.com/image/thumb/Music126/v4/1f/de/6c/1fde6cb4-9703-c214-cdc6-8ecf7d0f0aa0/197189040030.jpg/60x60bb.png"", ""https://is1-ssl.mzstatic.com/image/thumb/Music126/v4/1f/de/6c/1fde6cb4-9703-c214-cdc6-8ecf7d0f0aa0/197189040030.jpg/170x170bb.png""), attributes.height = c(""55"", ""60"", ""170""))","list(attributes.rel = c(""alternate"", ""enclosure""), attributes.type = c(""text/html"", ""audio/x-m4a""), attributes.href = c(""https://music.apple.com/us/album/promise/1690607869?i=1690608935&uo=2"", ""https://audio-ssl.itunes.apple.com/itunes-assets/AudioPreview211/v4/91/e1/95/91e1955e-ac99-64fc-2315-4ce8d4881589/mzaf_10067315834237608158.plus.aac.p.m4a""), attributes.title = c(NA, ""Preview""), `attributes.im:assetType` = c(NA, ""preview""), `im:duration.label` = c(NA, ""30000""))",NA,2026-02-20
29,"list(label = c(""https://is1-ssl.mzstatic.com/image/thumb/Music221/v4/20/cc/43/20cc43a6-f89a-f152-6d69-1bb5670f652d/075679586551.jpg/55x55bb.png"", ""https://is1-ssl.mzstatic.com/image/thumb/Music221/v4/20/cc/43/20cc43a6-f89a-f152-6d69-1bb5670f652d/075679586551.jpg/60x60bb.png"", ""https://is1-ssl.mzstatic.com/image/thumb/Music221/v4/20/cc/43/20cc43a6-f89a-f152-6d69-1bb5670f652d/075679586551.jpg/170x170bb.png""), attributes.height = c(""55"", ""60"", ""170""))","list(attributes.rel = c(""alternate"", ""enclosure""), attributes.type = c(""text/html"", ""audio/x-m4a""), attributes.href = c(""https://music.apple.com/us/album/dance-kid-dance/1877229738?i=1877229740&uo=2"", ""https://audio-ssl.itunes.apple.com/itunes-assets/AudioPreview221/v4/b4/60/ff/b460ffc8-e6de-ab03-7a55-2b8b3b638dd0/mzaf_11158421905182414506.plus.aac.p.m4a""), attributes.title = c(NA, ""Preview""), `attributes.im:assetType` = c(NA, ""preview""), `im:duration.label` = c(NA, ""30000""))",NA,2026-02-20
30,"list(label = c(""https://is1-ssl.mzstatic.com/image/thumb/Music211/v4/40/b6/19/40b61963-a776-6383-0bde-ff0e3d1e3edf/8721465132007.png/55x55bb.png"", ""https://is1-ssl.mzstatic.com/image/thumb/Music211/v4/40/b6/19/40b61963-a776-6383-0bde-ff0e3d1e3edf/8721465132007.png/60x60bb.png"", ""https://is1-ssl.mzstatic.com/image/thumb/Music211/v4/40/b6/19/40b61963-a776-6383-0bde-ff0e3d1e3edf/8721465132007.png/170x170bb.png""), attributes.height = c(""55"", ""60"", ""170""))","list(attributes.rel = c(""alternate"", ""enclosure""), attributes.type = c(""text/html"", ""audio/x-m4a""), attributes.href = c(""https://music.apple.com/us/album/i-the-many-names-of-god/1867613901?i=1867614405&uo=2"", ""https://audio-ssl.itunes.apple.com/itunes-assets/AudioPreview221/v4/ad/13/fc/ad13fc2d-a393-46e5-4228-a074f47b68cb/mzaf_13445929576302046177.plus.aac.p.m4a""), attributes.title = c(NA, ""Preview""), `attributes.im:assetType` = c(NA, ""preview""), `im:duration.label` = c(NA, ""30000""))",NA,2026-02-20
31,"list(label = c(""https://is1-ssl.mzstatic.com/image/thumb/Music221/v4/90/5e/7e/905e7ed5-a8fa-a8f3-cd06-0028fdf3afaa/199066342442.jpg/55x55bb.png"", ""https://is1-ssl.mzstatic.com/image/thumb/Music221/v4/90/5e/7e/905e7ed5-a8fa-a8f3-cd06-0028fdf3afaa/199066342442.jpg/60x60bb.png"", ""https://is1-ssl.mzstatic.com/image/thumb/Music221/v4/90/5e/7e/905e7ed5-a8fa-a8f3-cd06-0028fdf3afaa/199066342442.jpg/170x170bb.png""), attributes.height = c(""55"", ""60"", ""170""))","list(attributes.rel = c(""alternate"", ""enclosure""), attributes.type = c(""text/html"", ""audio/x-m4a""), attributes.href = c(""https://music.apple.com/us/album/nuevayol/1787022393?i=1787022572&uo=2"", ""https://audio-ssl.itunes.apple.com/itunes-assets/AudioPreview221/v4/2e/97/55/2e97555a-1ed3-9e07-de57-07e1213186c9/mzaf_7594924455925081680.plus.aac.p.m4a""), attributes.title = c(NA, ""Preview""), `attributes.im:assetType` = c(NA, ""preview""), `im:duration.label` = c(NA, ""30000""))",NA,2026-02-20
32,"list(label = c(""https://is1-ssl.mzstatic.com/image/thumb/Music221/v4/4c/b6/e5/4cb6e5b1-2db0-88c0-f025-b79cad3b8fab/196873832111.jpg/55x55bb.png"", ""https://is1-ssl.mzstatic.com/image/thumb/Music221/v4/4c/b6/e5/4cb6e5b1-2db0-88c0-f025-b79cad3b8fab/196873832111.jpg/60x60bb.png"", ""https://is1-ssl.mzstatic.com/image/thumb/Music221/v4/4c/b6/e5/4cb6e5b1-2db0-88c0-f025-b79cad3b8fab/196873832111.jpg/170x170bb.png""), attributes.height = c(""55"", ""60"", ""170""))","list(attributes.rel = c(""alternate"", ""enclosure""), attributes.type = c(""text/html"", ""audio/x-m4a""), attributes.href = c(""https://music.apple.com/us/album/sleepless-in-a-hotel-room/1862634688?i=1862634798&uo=2"", ""https://audio-ssl.itunes.apple.com/itunes-assets/AudioPreview221/v4/b9/a2/15/b9a2156b-3a3b-1cc9-22a2-f82ac7812428/mzaf_6944357687334575699.plus.aac.p.m4a""), attributes.title = c(NA, ""Preview""), `attributes.im:assetType` = c(NA, ""preview""), `im:duration.label` = c(NA, ""30000""))",NA,2026-02-20
33,"list(label = c(""https://is1-ssl.mzstatic.com/image/thumb/Music221/v4/11/ae/f2/11aef294-f57c-bab9-c9fc-529162984e62/24UMGIM85348.rgb.jpg/55x55bb.png"", ""https://is1-ssl.mzstatic.com/image/thumb/Music221/v4/11/ae/f2/11aef294-f57c-bab9-c9fc-529162984e62/24UMGIM85348.rgb.jpg/60x60bb.png"", ""https://is1-ssl.mzstatic.com/image/thumb/Music221/v4/11/ae/f2/11aef294-f57c-bab9-c9fc-529162984e62/24UMGIM85348.rgb.jpg/170x170bb.png""), attributes.height = c(""55"", ""60"", ""170""))","list(attributes.rel = c(""alternate"", ""enclosure""), attributes.type = c(""text/html"", ""audio/x-m4a""), attributes.href = c(""https://music.apple.com/us/album/die-with-a-smile/1762656724?i=1762656732&uo=2"", ""https://audio-ssl.itunes.apple.com/itunes-assets/AudioPreview211/v4/e9/d1/46/e9d14699-9505-493e-cd27-a501095c81ff/mzaf_7283388936457278756.plus.aac.p.m4a""), attributes.title = c(NA, ""Preview""), `attributes.im:assetType` = c(NA, ""preview""), `im:duration.label` = c(NA, ""30000""))",NA,2026-02-20
34,"list(label = c(""https://is1-ssl.mzstatic.com/image/thumb/Music221/v4/08/e2/21/08e22164-7c0b-1522-818f-e0e74f62dc49/25UMGIM69703.rgb.jpg/55x55bb.png"", ""https://is1-ssl.mzstatic.com/image/thumb/Music221/v4/08/e2/21/08e22164-7c0b-1522-818f-e0e74f62dc49/25UMGIM69703.rgb.jpg/60x60bb.png"", ""https://is1-ssl.mzstatic.com/image/thumb/Music221/v4/08/e2/21/08e22164-7c0b-1522-818f-e0e74f62dc49/25UMGIM69703.rgb.jpg/170x170bb.png""), attributes.height = c(""55"", ""60"", ""170""))","list(attributes.rel = c(""alternate"", ""enclosure""), attributes.type = c(""text/html"", ""audio/x-m4a""), attributes.href = c(""https://music.apple.com/us/album/so-easy-to-fall-in-love/1817609404?i=1817609507&uo=2"", ""https://audio-ssl.itunes.apple.com/itunes-assets/AudioPreview221/v4/b0/78/76/b07876e5-0e27-b261-a76b-9de5135f7196/mzaf_3541076937115029478.plus.aac.p.m4a""), attributes.title = c(NA, ""Preview""), `attributes.im:assetType` = c(NA, ""preview""), `im:duration.label` = c(NA, ""30000""))",NA,2026-02-20
35,"list(label = c(""https://is1-ssl.mzstatic.com/image/thumb/Music211/v4/1a/cd/9b/1acd9bad-40e2-c906-5614-03edf8e929a1/26UMGIM07556.rgb.jpg/55x55bb.png"", ""https://is1-ssl.mzstatic.com/image/thumb/Music211/v4/1a/cd/9b/1acd9bad-40e2-c906-5614-03edf8e929a1/26UMGIM07556.rgb.jpg/60x60bb.png"", ""https://is1-ssl.mzstatic.com/image/thumb/Music211/v4/1a/cd/9b/1acd9bad-40e2-c906-5614-03edf8e929a1/26UMGIM07556.rgb.jpg/170x170bb.png""), attributes.height = c(""55"", ""60"", ""170""))","list(attributes.rel = c(""alternate"", ""enclosure""), attributes.type = c(""text/html"", ""audio/x-m4a""), attributes.href = c(""https://music.apple.com/us/album/mcarthur/1871231823?i=1871231844&uo=2"", ""https://audio-ssl.itunes.apple.com/itunes-assets/AudioPreview221/v4/5f/60/5b/5f605b50-92bb-797a-39fd-b815d9e7edd7/mzaf_3856277307826964574.plus.aac.p.m4a""), attributes.title = c(NA, ""Preview""), `attributes.im:assetType` = c(NA, ""preview""), `im:duration.label` = c(NA, ""30000""))",NA,2026-02-20
36,"list(label = c(""https://is1-ssl.mzstatic.com/image/thumb/Music211/v4/a8/e6/66/a8e6669b-9028-900c-adb9-05d4ddee4625/075679591906.jpg/55x55bb.png"", ""https://is1-ssl.mzstatic.com/image/thumb/Music211/v4/a8/e6/66/a8e6669b-9028-900c-adb9-05d4ddee4625/075679591906.jpg/60x60bb.png"", ""https://is1-ssl.mzstatic.com/image/thumb/Music211/v4/a8/e6/66/a8e6669b-9028-900c-adb9-05d4ddee4625/075679591906.jpg/170x170bb.png""), attributes.height = c(""55"", ""60"", ""170""))","list(attributes.rel = c(""alternate"", ""enclosure""), attributes.type = c(""text/html"", ""audio/x-m4a""), attributes.href = c(""https://music.apple.com/us/album/chains-of-love/1852566184?i=1852566434&uo=2"", ""https://audio-ssl.itunes.apple.com/itunes-assets/AudioPreview221/v4/33/28/30/33283099-23d3-5f53-7b0d-e9034c6cc6d0/mzaf_4013520680801520228.plus.aac.p.m4a""), attributes.title = c(NA, ""Preview""), `attributes.im:assetType` = c(NA, ""preview""), `im:duration.label` = c(NA, ""30000""))",NA,2026-02-20
37,"list(label = c(""https://is1-ssl.mzstatic.com/image/thumb/Music211/v4/39/24/b4/3924b446-689d-0719-34be-ff970f8084fb/199937682905.png/55x55bb.png"", ""https://is1-ssl.mzstatic.com/image/thumb/Music211/v4/39/24/b4/3924b446-689d-0719-34be-ff970f8084fb/199937682905.png/60x60bb.png"", ""https://is1-ssl.mzstatic.com/image/thumb/Music211/v4/39/24/b4/3924b446-689d-0719-34be-ff970f8084fb/199937682905.png/170x170bb.png""), attributes.height = c(""55"", ""60"", ""170""))","list(attributes.rel = c(""alternate"", ""enclosure""), attributes.type = c(""text/html"", ""audio/x-m4a""), attributes.href = c(""https://music.apple.com/us/album/dont-play-with-me/1875433629?i=1875433630&uo=2"", ""https://audio-ssl.itunes.apple.com/itunes-assets/AudioPreview211/v4/00/bc/7f/00bc7ff1-37a1-4d1c-ab87-1b992523c2f5/mzaf_18022828927113987728.plus.aac.p.m4a""), attributes.title = c(NA, ""Preview""), `attributes.im:assetType` = c(NA, ""preview""), `im:duration.label` = c(NA, ""30000""))",NA,2026-02-20
38,"list(label = c(""https://is1-ssl.mzstatic.com/image/thumb/Music221/v4/62/33/40/62334080-6129-4d0c-086b-921cc956cb7a/196872090895.jpg/55x55bb.png"", ""https://is1-ssl.mzstatic.com/image/thumb/Music221/v4/62/33/40/62334080-6129-4d0c-086b-921cc956cb7a/196872090895.jpg/60x60bb.png"", ""https://is1-ssl.mzstatic.com/image/thumb/Music221/v4/62/33/40/62334080-6129-4d0c-086b-921cc956cb7a/196872090895.jpg/170x170bb.png""), attributes.height = c(""55"", ""60"", ""170""))","list(attributes.rel = c(""alternate"", ""enclosure""), attributes.type = c(""text/html"", ""audio/x-m4a""), attributes.href = c(""https://music.apple.com/us/album/you-look-like-you-love-me/1749121114?i=1749121123&uo=2"", ""https://audio-ssl.itunes.apple.com/itunes-assets/AudioPreview211/v4/14/f6/be/14f6bec3-f232-2211-042c-743d933c9c02/mzaf_7434264055963505924.plus.aac.p.m4a""), attributes.title = c(NA, ""Preview""), `attributes.im:assetType` = c(NA, ""preview""), `im:duration.label` = c(NA, ""30000""))",NA,2026-02-20
39,"list(label = c(""https://is1-ssl.mzstatic.com/image/thumb/Music211/v4/44/c3/8d/44c38d1c-7308-5297-ae32-dcdab1186762/075679591289.jpg/55x55bb.png"", ""https://is1-ssl.mzstatic.com/image/thumb/Music211/v4/44/c3/8d/44c38d1c-7308-5297-ae32-dcdab1186762/075679591289.jpg/60x60bb.png"", ""https://is1-ssl.mzstatic.com/image/thumb/Music211/v4/44/c3/8d/44c38d1c-7308-5297-ae32-dcdab1186762/075679591289.jpg/170x170bb.png""), attributes.height = c(""55"", ""60"", ""170""))","list(attributes.rel = c(""alternate"", ""enclosure""), attributes.type = c(""text/html"", ""audio/x-m4a""), attributes.href = c(""https://music.apple.com/us/album/angel-wings/1876325893?i=1876325895&uo=2"", ""https://audio-ssl.itunes.apple.com/itunes-assets/AudioPreview211/v4/d4/c7/dd/d4c7dda1-ac66-d8dc-359d-2078e774698d/mzaf_18354393098305654437.plus.aac.p.m4a""), attributes.title = c(NA, ""Preview""), `attributes.im:assetType` = c(NA, ""preview""), `im:duration.label` = c(NA, ""30000""))",NA,2026-02-20
40,"list(label = c(""https://is1-ssl.mzstatic.com/image/thumb/Music126/v4/36/19/66/36196640-1561-dc5e-c6bc-1e5f4befa583/093624856771.jpg/55x55bb.png"", ""https://is1-ssl.mzstatic.com/image/thumb/Music126/v4/36/19/66/36196640-1561-dc5e-c6bc-1e5f4befa583/093624856771.jpg/60x60bb.png"", ""https://is1-ssl.mzstatic.com/image/thumb/Music126/v4/36/19/66/36196640-1561-dc5e-c6bc-1e5f4befa583/093624856771.jpg/170x170bb.png""), attributes.height = c(""55"", ""60"", ""170""))","list(attributes.rel = c(""alternate"", ""enclosure""), attributes.type = c(""text/html"", ""audio/x-m4a""), attributes.href = c(""https://music.apple.com/us/album/the-door/1691699589?i=1691699849&uo=2"", ""https://audio-ssl.itunes.apple.com/itunes-assets/AudioPreview211/v4/6e/36/89/6e368985-2b25-17d0-22b3-cc7425324368/mzaf_3152854670227610576.plus.aac.p.m4a""), attributes.title = c(NA, ""Preview""), `attributes.im:assetType` = c(NA, ""preview""), `im:duration.label` = c(NA, ""30000""))",NA,2026-02-20
41,"list(label = c(""https://is1-ssl.mzstatic.com/image/thumb/Music211/v4/42/fa/6d/42fa6de0-9a06-50e6-a614-100be1aad1e8/8721465735055.png/55x55bb.png"", ""https://is1-ssl.mzstatic.com/image/thumb/Music211/v4/42/fa/6d/42fa6de0-9a06-50e6-a614-100be1aad1e8/8721465735055.png/60x60bb.png"", ""https://is1-ssl.mzstatic.com/image/thumb/Music211/v4/42/fa/6d/42fa6de0-9a06-50e6-a614-100be1aad1e8/8721465735055.png/170x170bb.png""), attributes.height = c(""55"", ""60"", ""170""))","list(attributes.rel = c(""alternate"", ""enclosure""), attributes.type = c(""text/html"", ""audio/x-m4a""), attributes.href = c(""https://music.apple.com/us/album/i-love-me-loud/1875270777?i=1875270778&uo=2"", ""https://audio-ssl.itunes.apple.com/itunes-assets/AudioPreview211/v4/29/96/f8/2996f8ea-408f-0162-f1f8-e47a0e7d9d80/mzaf_1306294261993743310.plus.aac.p.m4a""), attributes.title = c(NA, ""Preview""), `attributes.im:assetType` = c(NA, ""preview""), `im:duration.label` = c(NA, ""30000""))",NA,2026-02-20
42,"list(label = c(""https://is1-ssl.mzstatic.com/image/thumb/Music124/v4/0a/c0/0d/0ac00d65-4327-29b1-6a1e-4f1e2684d758/06UMGIM23627.rgb.jpg/55x55bb.png"", ""https://is1-ssl.mzstatic.com/image/thumb/Music124/v4/0a/c0/0d/0ac00d65-4327-29b1-6a1e-4f1e2684d758/06UMGIM23627.rgb.jpg/60x60bb.png"", ""https://is1-ssl.mzstatic.com/image/thumb/Music124/v4/0a/c0/0d/0ac00d65-4327-29b1-6a1e-4f1e2684d758/06UMGIM23627.rgb.jpg/170x170bb.png""), attributes.height = c(""55"", ""60"", ""170""))","list(attributes.rel = c(""alternate"", ""enclosure""), attributes.type = c(""text/html"", ""audio/x-m4a""), attributes.href = c(""https://music.apple.com/us/album/here-without-you/1440739556?i=1440739980&uo=2"", ""https://audio-ssl.itunes.apple.com/itunes-assets/AudioPreview221/v4/44/c5/31/44c53130-adbf-b4c0-a720-8ab2fa9e78ed/mzaf_4843596623090207244.plus.aac.p.m4a""), attributes.title = c(NA, ""Preview""), `attributes.im:assetType` = c(NA, ""preview""), `im:duration.label` = c(NA, ""30000""))",NA,2026-02-20
43,"list(label = c(""https://is1-ssl.mzstatic.com/image/thumb/Music221/v4/b2/15/a3/b215a3f8-e283-1aef-2bb6-9fc6cfea1f1f/25UMGIM52340.rgb.jpg/55x55bb.png"", ""https://is1-ssl.mzstatic.com/image/thumb/Music221/v4/b2/15/a3/b215a3f8-e283-1aef-2bb6-9fc6cfea1f1f/25UMGIM52340.rgb.jpg/60x60bb.png"", ""https://is1-ssl.mzstatic.com/image/thumb/Music221/v4/b2/15/a3/b215a3f8-e283-1aef-2bb6-9fc6cfea1f1f/25UMGIM52340.rgb.jpg/170x170bb.png""), attributes.height = c(""55"", ""60"", ""170""))","list(attributes.rel = c(""alternate"", ""enclosure""), attributes.type = c(""text/html"", ""audio/x-m4a""), attributes.href = c(""https://music.apple.com/us/album/left-it-in-the-river/1826110590?i=1826110591&uo=2"", ""https://audio-ssl.itunes.apple.com/itunes-assets/AudioPreview211/v4/b6/0a/4f/b60a4fa6-c767-5df3-bdac-18ec4558524a/mzaf_10047155657660344940.plus.aac.p.m4a""), attributes.title = c(NA, ""Preview""), `attributes.im:assetType` = c(NA, ""preview""), `im:duration.label` = c(NA, ""30000""))",NA,2026-02-20
44,"list(label = c(""https://is1-ssl.mzstatic.com/image/thumb/Music112/v4/e5/94/31/e59431de-7591-58e6-c4d4-105b6373ad6a/5056494917336_1.jpg/55x55bb.png"", ""https://is1-ssl.mzstatic.com/image/thumb/Music112/v4/e5/94/31/e59431de-7591-58e6-c4d4-105b6373ad6a/5056494917336_1.jpg/60x60bb.png"", ""https://is1-ssl.mzstatic.com/image/thumb/Music112/v4/e5/94/31/e59431de-7591-58e6-c4d4-105b6373ad6a/5056494917336_1.jpg/170x170bb.png""), attributes.height = c(""55"", ""60"", ""170""))","list(attributes.rel = c(""alternate"", ""enclosure""), attributes.type = c(""text/html"", ""audio/x-m4a""), attributes.href = c(""https://music.apple.com/us/album/end-of-beginning/1632447652?i=1632448108&uo=2"", ""https://audio-ssl.itunes.apple.com/itunes-assets/AudioPreview221/v4/6e/df/af/6edfaf58-f901-e9b5-840b-9ac9e37f34b7/mzaf_8465065510938624101.plus.aac.p.m4a""), attributes.title = c(NA, ""Preview""), `attributes.im:assetType` = c(NA, ""preview""), `im:duration.label` = c(NA, ""30000""))",NA,2026-02-20
45,"list(label = c(""https://is1-ssl.mzstatic.com/image/thumb/Music211/v4/0a/06/6b/0a066b42-834c-8679-c679-253f5dc7f9c7/199806246184.jpg/55x55bb.png"", ""https://is1-ssl.mzstatic.com/image/thumb/Music211/v4/0a/06/6b/0a066b42-834c-8679-c679-253f5dc7f9c7/199806246184.jpg/60x60bb.png"", ""https://is1-ssl.mzstatic.com/image/thumb/Music211/v4/0a/06/6b/0a066b42-834c-8679-c679-253f5dc7f9c7/199806246184.jpg/170x170bb.png""), attributes.height = c(""55"", ""60"", ""170""))","list(attributes.rel = c(""alternate"", ""enclosure""), attributes.type = c(""text/html"", ""audio/x-m4a""), attributes.href = c(""https://music.apple.com/us/album/the-banjo-song/1848218113?i=1848218119&uo=2"", ""https://audio-ssl.itunes.apple.com/itunes-assets/AudioPreview221/v4/73/2f/12/732f12b0-d15c-96f6-09b7-8913df3d20b9/mzaf_12850294262169164219.plus.aac.p.m4a""), attributes.title = c(NA, ""Preview""), `attributes.im:assetType` = c(NA, ""preview""), `im:duration.label` = c(NA, ""30000""))",NA,2026-02-20
46,"list(label = c(""https://is1-ssl.mzstatic.com/image/thumb/Music211/v4/e1/f6/d3/e1f6d3fc-f678-9dca-1940-58132936e7f8/850064541380.jpg/55x55bb.png"", ""https://is1-ssl.mzstatic.com/image/thumb/Music211/v4/e1/f6/d3/e1f6d3fc-f678-9dca-1940-58132936e7f8/850064541380.jpg/60x60bb.png"", ""https://is1-ssl.mzstatic.com/image/thumb/Music211/v4/e1/f6/d3/e1f6d3fc-f678-9dca-1940-58132936e7f8/850064541380.jpg/170x170bb.png""), attributes.height = c(""55"", ""60"", ""170""))","list(attributes.rel = c(""alternate"", ""enclosure""), attributes.type = c(""text/html"", ""audio/x-m4a""), attributes.href = c(""https://music.apple.com/us/album/better-me-for-you-brown-eyes/1778758844?i=1778759151&uo=2"", ""https://audio-ssl.itunes.apple.com/itunes-assets/AudioPreview211/v4/9e/36/e8/9e36e862-360c-3b03-ceca-88d99634f9f6/mzaf_17872433154218615850.plus.aac.p.m4a""), attributes.title = c(NA, ""Preview""), `attributes.im:assetType` = c(NA, ""preview""), `im:duration.label` = c(NA, ""30000""))",NA,2026-02-20
47,"list(label = c(""https://is1-ssl.mzstatic.com/image/thumb/Music221/v4/4c/b6/e5/4cb6e5b1-2db0-88c0-f025-b79cad3b8fab/196873832111.jpg/55x55bb.png"", ""https://is1-ssl.mzstatic.com/image/thumb/Music221/v4/4c/b6/e5/4cb6e5b1-2db0-88c0-f025-b79cad3b8fab/196873832111.jpg/60x60bb.png"", ""https://is1-ssl.mzstatic.com/image/thumb/Music221/v4/4c/b6/e5/4cb6e5b1-2db0-88c0-f025-b79cad3b8fab/196873832111.jpg/170x170bb.png""), attributes.height = c(""55"", ""60"", ""170""))","list(attributes.rel = c(""alternate"", ""enclosure""), attributes.type = c(""text/html"", ""audio/x-m4a""), attributes.href = c(""https://music.apple.com/us/album/days-like-these/1862634688?i=1862634694&uo=2"", ""https://audio-ssl.itunes.apple.com/itunes-assets/AudioPreview211/v4/b5/16/aa/b516aa3e-a001-d56d-ab1c-71408da049a8/mzaf_11759731893623817715.plus.aac.p.m4a""), attributes.title = c(NA, ""Preview""), `attributes.im:assetType` = c(NA, ""preview""), `im:duration.label` = c(NA, ""30000""))",NA,2026-02-20
48,"list(label = c(""https://is1-ssl.mzstatic.com/image/thumb/Music211/v4/8c/a2/fd/8ca2fd44-b395-8701-b925-1592c40e76c3/7512.jpg/55x55bb.png"", ""https://is1-ssl.mzstatic.com/image/thumb/Music211/v4/8c/a2/fd/8ca2fd44-b395-8701-b925-1592c40e76c3/7512.jpg/60x60bb.png"", ""https://is1-ssl.mzstatic.com/image/thumb/Music211/v4/8c/a2/fd/8ca2fd44-b395-8701-b925-1592c40e76c3/7512.jpg/170x170bb.png""), attributes.height = c(""55"", ""60"", ""170""))","list(attributes.rel = c(""alternate"", ""enclosure""), attributes.type = c(""text/html"", ""audio/x-m4a""), attributes.href = c(""https://music.apple.com/us/album/after-i-pass-away/1876477125?i=1876477131&uo=2"", ""https://audio-ssl.itunes.apple.com/itunes-assets/AudioPreview221/v4/3a/fb/70/3afb7072-3265-4c18-560f-7dcdf4bcd0c1/mzaf_6862463889717608453.plus.aac.p.m4a""), attributes.title = c(NA, ""Preview""), `attributes.im:assetType` = c(NA, ""preview""), `im:duration.label` = c(NA, ""30000""))",NA,2026-02-20
49,"list(label = c(""https://is1-ssl.mzstatic.com/image/thumb/Music221/v4/5d/d5/ad/5dd5ad1b-fabf-9218-77f0-3adbfd5328ac/054391237118.jpg/55x55bb.png"", ""https://is1-ssl.mzstatic.com/image/thumb/Music221/v4/5d/d5/ad/5dd5ad1b-fabf-9218-77f0-3adbfd5328ac/054391237118.jpg/60x60bb.png"", ""https://is1-ssl.mzstatic.com/image/thumb/Music221/v4/5d/d5/ad/5dd5ad1b-fabf-9218-77f0-3adbfd5328ac/054391237118.jpg/170x170bb.png""), attributes.height = c(""55"", ""60"", ""170""))","list(attributes.rel = c(""alternate"", ""enclosure""), attributes.type = c(""text/html"", ""audio/x-m4a""), attributes.href = c(""https://music.apple.com/us/album/back-to-friends/1786481196?i=1786481197&uo=2"", ""https://audio-ssl.itunes.apple.com/itunes-assets/AudioPreview211/v4/d7/63/7d/d7637dec-cf2d-1455-3398-f1a6340359d0/mzaf_88927986796632454.plus.aac.p.m4a""), attributes.title = c(NA, ""Preview""), `attributes.im:assetType` = c(NA, ""preview""), `im:duration.label` = c(NA, ""30000""))",NA,2026-02-20
50,"list(label = c(""https://is1-ssl.mzstatic.com/image/thumb/Music126/v4/41/bc/fb/41bcfb43-91d5-931d-5747-fb381803143f/23UMGIM21715.rgb.jpg/55x55bb.png"", ""https://is1-ssl.mzstatic.com/image/thumb/Music126/v4/41/bc/fb/41bcfb43-91d5-931d-5747-fb381803143f/23UMGIM21715.rgb.jpg/60x60bb.png"", ""https://is1-ssl.mzstatic.com/image/thumb/Music126/v4/41/bc/fb/41bcfb43-91d5-931d-5747-fb381803143f/23UMGIM21715.rgb.jpg/170x170bb.png""), attributes.height = c(""55"", ""60"", ""170""))","list(attributes.rel = c(""alternate"", ""enclosure""), attributes.type = c(""text/html"", ""audio/x-m4a""), attributes.href = c(""https://music.apple.com/us/album/pink-pony-club/1675173434?i=1675173768&uo=2"", ""https://audio-ssl.itunes.apple.com/itunes-assets/AudioPreview211/v4/fc/52/be/fc52be82-306b-6da5-286b-61056757c008/mzaf_1618848737251148796.plus.aac.p.m4a""), attributes.title = c(NA, ""Preview""), `attributes.im:assetType` = c(NA, ""preview""), `im:duration.label` = c(NA, ""30000""))",NA,2026-02-20
