artist,track,lyrics
"list(attributes.rel = c(""alternate"", ""enclosure""), attributes.type = c(""text/html"", ""audio/x-m4a""), attributes.href = c(""https://music.apple.com/us/album/choosin-texas/1844932149?i=1844932150&uo=2"", ""https://audio-ssl.itunes.apple.com/itunes-assets/AudioPreview211/v4/38/49/4c/38494cb4-f9e0-1db4-0b84-8c478cb55390/mzaf_4251933786704889664.plus.aac.p.m4a""), attributes.title = c(NA, ""Preview""), `attributes.im:assetType` = c(NA, ""preview""), `im:duration.label` = c(NA, ""30000""))","list(label = c(""https://is1-ssl.mzstatic.com/image/thumb/Music221/v4/e2/91/4d/e2914d0a-7f1d-f04c-fbf4-c50b38548838/196873638690.jpg/55x55bb.png"", ""https://is1-ssl.mzstatic.com/image/thumb/Music221/v4/e2/91/4d/e2914d0a-7f1d-f04c-fbf4-c50b38548838/196873638690.jpg/60x60bb.png"", ""https://is1-ssl.mzstatic.com/image/thumb/Music221/v4/e2/91/4d/e2914d0a-7f1d-f04c-fbf4-c50b38548838/196873638690.jpg/170x170bb.png""), attributes.height = c(""55"", ""60"", ""170""))",NA
"list(attributes.rel = c(""alternate"", ""enclosure""), attributes.type = c(""text/html"", ""audio/x-m4a""), attributes.href = c(""https://music.apple.com/us/album/i-just-might/1866732792?i=1866732800&uo=2"", ""https://audio-ssl.itunes.apple.com/itunes-assets/AudioPreview221/v4/4c/29/70/4c2970ab-d1c0-344b-53c7-b1624a14ac36/mzaf_9879015910950364057.plus.aac.p.m4a""), attributes.title = c(NA, ""Preview""), `attributes.im:assetType` = c(NA, ""preview""), `im:duration.label` = c(NA, ""30000""))","list(label = c(""https://is1-ssl.mzstatic.com/image/thumb/Music211/v4/ed/46/bf/ed46bf4e-7cb9-965a-54f3-03059977fe6c/075679589293.jpg/55x55bb.png"", ""https://is1-ssl.mzstatic.com/image/thumb/Music211/v4/ed/46/bf/ed46bf4e-7cb9-965a-54f3-03059977fe6c/075679589293.jpg/60x60bb.png"", ""https://is1-ssl.mzstatic.com/image/thumb/Music211/v4/ed/46/bf/ed46bf4e-7cb9-965a-54f3-03059977fe6c/075679589293.jpg/170x170bb.png""), attributes.height = c(""55"", ""60"", ""170""))",NA
"list(attributes.rel = c(""alternate"", ""enclosure""), attributes.type = c(""text/html"", ""audio/x-m4a""), attributes.href = c(""https://music.apple.com/us/album/opalite/1838810949?i=1838810953&uo=2"", ""https://audio-ssl.itunes.apple.com/itunes-assets/AudioPreview221/v4/f2/05/dd/f205dd86-131f-39f1-2e48-6a16d1099618/mzaf_2963212195811157220.plus.aac.p.m4a""), attributes.title = c(NA, ""Preview""), `attributes.im:assetType` = c(NA, ""preview""), `im:duration.label` = c(NA, ""30000""))","list(label = c(""https://is1-ssl.mzstatic.com/image/thumb/Music221/v4/58/8f/a9/588fa9a2-7cc5-f02c-9ce6-c986e0dc1c15/25UM1IM19577.rgb.jpg/55x55bb.png"", ""https://is1-ssl.mzstatic.com/image/thumb/Music221/v4/58/8f/a9/588fa9a2-7cc5-f02c-9ce6-c986e0dc1c15/25UM1IM19577.rgb.jpg/60x60bb.png"", ""https://is1-ssl.mzstatic.com/image/thumb/Music221/v4/58/8f/a9/588fa9a2-7cc5-f02c-9ce6-c986e0dc1c15/25UM1IM19577.rgb.jpg/170x170bb.png""), attributes.height = c(""55"", ""60"", ""170""))",NA
"list(attributes.rel = c(""alternate"", ""enclosure""), attributes.type = c(""text/html"", ""audio/x-m4a""), attributes.href = c(""https://music.apple.com/us/album/be-her/1869436835?i=1869436845&uo=2"", ""https://audio-ssl.itunes.apple.com/itunes-assets/AudioPreview211/v4/b2/ca/0a/b2ca0a9a-205f-0a84-55ca-d7b6078c00d2/mzaf_776182535872852046.plus.aac.p.m4a""), attributes.title = c(NA, ""Preview""), `attributes.im:assetType` = c(NA, ""preview""), `im:duration.label` = c(NA, ""30000""))","list(label = c(""https://is1-ssl.mzstatic.com/image/thumb/Music211/v4/a1/ba/64/a1ba6484-f462-1b88-ddff-d4c014d5f265/196874018361.jpg/55x55bb.png"", ""https://is1-ssl.mzstatic.com/image/thumb/Music211/v4/a1/ba/64/a1ba6484-f462-1b88-ddff-d4c014d5f265/196874018361.jpg/60x60bb.png"", ""https://is1-ssl.mzstatic.com/image/thumb/Music211/v4/a1/ba/64/a1ba6484-f462-1b88-ddff-d4c014d5f265/196874018361.jpg/170x170bb.png""), attributes.height = c(""55"", ""60"", ""170""))",NA
"list(attributes.rel = c(""alternate"", ""enclosure""), attributes.type = c(""text/html"", ""audio/x-m4a""), attributes.href = c(""https://music.apple.com/us/album/ordinary/1793663382?i=1793663645&uo=2"", ""https://audio-ssl.itunes.apple.com/itunes-assets/AudioPreview211/v4/f4/2f/82/f42f82e5-e164-dd14-4f9a-2767d0215bae/mzaf_2512873933120069750.plus.aac.p.m4a""), attributes.title = c(NA, ""Preview""), `attributes.im:assetType` = c(NA, ""preview""), `im:duration.label` = c(NA, ""30000""))","list(label = c(""https://is1-ssl.mzstatic.com/image/thumb/Music211/v4/46/78/fb/4678fb84-d19e-f11b-93ff-4dc17660bff8/075679619075.jpg/55x55bb.png"", ""https://is1-ssl.mzstatic.com/image/thumb/Music211/v4/46/78/fb/4678fb84-d19e-f11b-93ff-4dc17660bff8/075679619075.jpg/60x60bb.png"", ""https://is1-ssl.mzstatic.com/image/thumb/Music211/v4/46/78/fb/4678fb84-d19e-f11b-93ff-4dc17660bff8/075679619075.jpg/170x170bb.png""), attributes.height = c(""55"", ""60"", ""170""))",NA
"list(attributes.rel = c(""alternate"", ""enclosure""), attributes.type = c(""text/html"", ""audio/x-m4a""), attributes.href = c(""https://music.apple.com/us/album/born-to-kill/1873280355?i=1873280357&uo=2"", ""https://audio-ssl.itunes.apple.com/itunes-assets/AudioPreview221/v4/27/d8/e3/27d8e3bb-592a-a1be-91ac-3fa750127321/mzaf_1810468630697880797.plus.aac.p.m4a""), attributes.title = c(NA, ""Preview""), `attributes.im:assetType` = c(NA, ""preview""), `im:duration.label` = c(NA, ""30000""))","list(label = c(""https://is1-ssl.mzstatic.com/image/thumb/Music211/v4/b6/b1/40/b6b140b8-c3fe-eeae-a73f-7500c5b1f3db/0045778736867.png/55x55bb.png"", ""https://is1-ssl.mzstatic.com/image/thumb/Music211/v4/b6/b1/40/b6b140b8-c3fe-eeae-a73f-7500c5b1f3db/0045778736867.png/60x60bb.png"", ""https://is1-ssl.mzstatic.com/image/thumb/Music211/v4/b6/b1/40/b6b140b8-c3fe-eeae-a73f-7500c5b1f3db/0045778736867.png/170x170bb.png""), attributes.height = c(""55"", ""60"", ""170""))",NA
"list(attributes.rel = c(""alternate"", ""enclosure""), attributes.type = c(""text/html"", ""audio/x-m4a""), attributes.href = c(""https://music.apple.com/us/album/free-bird/1440838012?i=1440838661&uo=2"", ""https://audio-ssl.itunes.apple.com/itunes-assets/AudioPreview211/v4/f1/a7/86/f1a786b2-5117-df15-5f54-542063c46b0b/mzaf_3327731491499425356.plus.aac.p.m4a""), attributes.title = c(NA, ""Preview""), `attributes.im:assetType` = c(NA, ""preview""), `im:duration.label` = c(NA, ""30000""))","list(label = c(""https://is1-ssl.mzstatic.com/image/thumb/Music126/v4/57/00/f3/5700f331-2d06-7f5d-cb98-43970fd52874/14UMGIM00860.rgb.jpg/55x55bb.png"", ""https://is1-ssl.mzstatic.com/image/thumb/Music126/v4/57/00/f3/5700f331-2d06-7f5d-cb98-43970fd52874/14UMGIM00860.rgb.jpg/60x60bb.png"", ""https://is1-ssl.mzstatic.com/image/thumb/Music126/v4/57/00/f3/5700f331-2d06-7f5d-cb98-43970fd52874/14UMGIM00860.rgb.jpg/170x170bb.png""), attributes.height = c(""55"", ""60"", ""170""))",NA
"list(attributes.rel = c(""alternate"", ""enclosure""), attributes.type = c(""text/html"", ""audio/x-m4a""), attributes.href = c(""https://music.apple.com/us/album/man-i-need/1817609404?i=1817609509&uo=2"", ""https://audio-ssl.itunes.apple.com/itunes-assets/AudioPreview211/v4/81/2c/6d/812c6df3-5481-5e61-b5d1-306d485b0d9d/mzaf_6058256111555931162.plus.aac.p.m4a""), attributes.title = c(NA, ""Preview""), `attributes.im:assetType` = c(NA, ""preview""), `im:duration.label` = c(NA, ""30000""))","list(label = c(""https://is1-ssl.mzstatic.com/image/thumb/Music221/v4/08/e2/21/08e22164-7c0b-1522-818f-e0e74f62dc49/25UMGIM69703.rgb.jpg/55x55bb.png"", ""https://is1-ssl.mzstatic.com/image/thumb/Music221/v4/08/e2/21/08e22164-7c0b-1522-818f-e0e74f62dc49/25UMGIM69703.rgb.jpg/60x60bb.png"", ""https://is1-ssl.mzstatic.com/image/thumb/Music221/v4/08/e2/21/08e22164-7c0b-1522-818f-e0e74f62dc49/25UMGIM69703.rgb.jpg/170x170bb.png""), attributes.height = c(""55"", ""60"", ""170""))",NA
"list(attributes.rel = c(""alternate"", ""enclosure""), attributes.type = c(""text/html"", ""audio/x-m4a""), attributes.href = c(""https://music.apple.com/us/album/be-by-you/1862634688?i=1862634805&uo=2"", ""https://audio-ssl.itunes.apple.com/itunes-assets/AudioPreview211/v4/1f/52/aa/1f52aae2-92dc-10a5-178f-5421fb3590aa/mzaf_7665736157791908047.plus.aac.p.m4a""), attributes.title = c(NA, ""Preview""), `attributes.im:assetType` = c(NA, ""preview""), `im:duration.label` = c(NA, ""30000""))","list(label = c(""https://is1-ssl.mzstatic.com/image/thumb/Music221/v4/4c/b6/e5/4cb6e5b1-2db0-88c0-f025-b79cad3b8fab/196873832111.jpg/55x55bb.png"", ""https://is1-ssl.mzstatic.com/image/thumb/Music221/v4/4c/b6/e5/4cb6e5b1-2db0-88c0-f025-b79cad3b8fab/196873832111.jpg/60x60bb.png"", ""https://is1-ssl.mzstatic.com/image/thumb/Music221/v4/4c/b6/e5/4cb6e5b1-2db0-88c0-f025-b79cad3b8fab/196873832111.jpg/170x170bb.png""), attributes.height = c(""55"", ""60"", ""170""))",NA
"list(attributes.rel = c(""alternate"", ""enclosure""), attributes.type = c(""text/html"", ""audio/x-m4a""), attributes.href = c(""https://music.apple.com/us/album/the-fate-of-ophelia/1838810949?i=1838810951&uo=2"", ""https://audio-ssl.itunes.apple.com/itunes-assets/AudioPreview211/v4/bb/e3/c8/bbe3c8a3-0b06-20f4-6211-c53de0d2c4ef/mzaf_12435828701815921526.plus.aac.p.m4a""), attributes.title = c(NA, ""Preview""), `attributes.im:assetType` = c(NA, ""preview""), `im:duration.label` = c(NA, ""30000""))","list(label = c(""https://is1-ssl.mzstatic.com/image/thumb/Music221/v4/58/8f/a9/588fa9a2-7cc5-f02c-9ce6-c986e0dc1c15/25UM1IM19577.rgb.jpg/55x55bb.png"", ""https://is1-ssl.mzstatic.com/image/thumb/Music221/v4/58/8f/a9/588fa9a2-7cc5-f02c-9ce6-c986e0dc1c15/25UM1IM19577.rgb.jpg/60x60bb.png"", ""https://is1-ssl.mzstatic.com/image/thumb/Music221/v4/58/8f/a9/588fa9a2-7cc5-f02c-9ce6-c986e0dc1c15/25UM1IM19577.rgb.jpg/170x170bb.png""), attributes.height = c(""55"", ""60"", ""170""))",NA
"list(attributes.rel = c(""alternate"", ""enclosure""), attributes.type = c(""text/html"", ""audio/x-m4a""), attributes.href = c(""https://music.apple.com/us/album/golden/1820264137?i=1820264150&uo=2"", ""https://audio-ssl.itunes.apple.com/itunes-assets/AudioPreview221/v4/38/68/32/3868327b-f83f-71c7-0a0c-1813edf2b73e/mzaf_9475346657459209500.plus.aac.p.m4a""), attributes.title = c(NA, ""Preview""), `attributes.im:assetType` = c(NA, ""preview""), `im:duration.label` = c(NA, ""30000""))","list(label = c(""https://is1-ssl.mzstatic.com/image/thumb/Music211/v4/e1/15/42/e1154273-8ecd-5702-e6e6-597f28001681/25UMGIM82363.rgb.jpg/55x55bb.png"", ""https://is1-ssl.mzstatic.com/image/thumb/Music211/v4/e1/15/42/e1154273-8ecd-5702-e6e6-597f28001681/25UMGIM82363.rgb.jpg/60x60bb.png"", ""https://is1-ssl.mzstatic.com/image/thumb/Music211/v4/e1/15/42/e1154273-8ecd-5702-e6e6-597f28001681/25UMGIM82363.rgb.jpg/170x170bb.png""), attributes.height = c(""55"", ""60"", ""170""))",NA
"list(attributes.rel = c(""alternate"", ""enclosure""), attributes.type = c(""text/html"", ""audio/x-m4a""), attributes.href = c(""https://music.apple.com/us/album/dandelion/1869436835?i=1869436838&uo=2"", ""https://audio-ssl.itunes.apple.com/itunes-assets/AudioPreview211/v4/0b/7c/8a/0b7c8aa3-05f1-2917-0bfd-b594a03b766f/mzaf_4865349311889666465.plus.aac.p.m4a""), attributes.title = c(NA, ""Preview""), `attributes.im:assetType` = c(NA, ""preview""), `im:duration.label` = c(NA, ""30000""))","list(label = c(""https://is1-ssl.mzstatic.com/image/thumb/Music211/v4/a1/ba/64/a1ba6484-f462-1b88-ddff-d4c014d5f265/196874018361.jpg/55x55bb.png"", ""https://is1-ssl.mzstatic.com/image/thumb/Music211/v4/a1/ba/64/a1ba6484-f462-1b88-ddff-d4c014d5f265/196874018361.jpg/60x60bb.png"", ""https://is1-ssl.mzstatic.com/image/thumb/Music211/v4/a1/ba/64/a1ba6484-f462-1b88-ddff-d4c014d5f265/196874018361.jpg/170x170bb.png""), attributes.height = c(""55"", ""60"", ""170""))",NA
"list(attributes.rel = c(""alternate"", ""enclosure""), attributes.type = c(""text/html"", ""audio/x-m4a""), attributes.href = c(""https://music.apple.com/us/album/even-if/1545538188?i=1545538398&uo=2"", ""https://audio-ssl.itunes.apple.com/itunes-assets/AudioPreview221/v4/d8/df/b1/d8dfb1f3-45a8-2817-8166-b7423463119a/mzaf_12999202869832918826.plus.aac.p.m4a""), attributes.title = c(NA, ""Preview""), `attributes.im:assetType` = c(NA, ""preview""), `im:duration.label` = c(NA, ""30000""))","list(label = c(""https://is1-ssl.mzstatic.com/image/thumb/Music112/v4/e0/7c/47/e07c4763-a066-5941-d3f1-0cc946c77255/886446319445.jpg/55x55bb.png"", ""https://is1-ssl.mzstatic.com/image/thumb/Music112/v4/e0/7c/47/e07c4763-a066-5941-d3f1-0cc946c77255/886446319445.jpg/60x60bb.png"", ""https://is1-ssl.mzstatic.com/image/thumb/Music112/v4/e0/7c/47/e07c4763-a066-5941-d3f1-0cc946c77255/886446319445.jpg/170x170bb.png""), attributes.height = c(""55"", ""60"", ""170""))",NA
"list(attributes.rel = c(""alternate"", ""enclosure""), attributes.type = c(""text/html"", ""audio/x-m4a""), attributes.href = c(""https://music.apple.com/us/album/courtesy-of-the-red-white-and-blue-the-angry-american/1452801021?i=1452802587&uo=2"", ""https://audio-ssl.itunes.apple.com/itunes-assets/AudioPreview211/v4/85/f3/6c/85f36cd4-299b-8b12-1002-30e109658c3c/mzaf_1495583741702253008.plus.aac.p.m4a""), attributes.title = c(NA, ""Preview""), `attributes.im:assetType` = c(NA, ""preview""), `im:duration.label` = c(NA, 
""30000""))","list(label = c(""https://is1-ssl.mzstatic.com/image/thumb/Music125/v4/e8/1b/44/e81b44cc-9a2f-9960-1a99-e6eb4389a113/08UMGIM03456.rgb.jpg/55x55bb.png"", ""https://is1-ssl.mzstatic.com/image/thumb/Music125/v4/e8/1b/44/e81b44cc-9a2f-9960-1a99-e6eb4389a113/08UMGIM03456.rgb.jpg/60x60bb.png"", ""https://is1-ssl.mzstatic.com/image/thumb/Music125/v4/e8/1b/44/e81b44cc-9a2f-9960-1a99-e6eb4389a113/08UMGIM03456.rgb.jpg/170x170bb.png""), attributes.height = c(""55"", ""60"", ""170""))",NA
"list(attributes.rel = c(""alternate"", ""enclosure""), attributes.type = c(""text/html"", ""audio/x-m4a""), attributes.href = c(""https://music.apple.com/us/album/so-easy-to-fall-in-love/1817609404?i=1817609507&uo=2"", ""https://audio-ssl.itunes.apple.com/itunes-assets/AudioPreview221/v4/b0/78/76/b07876e5-0e27-b261-a76b-9de5135f7196/mzaf_3541076937115029478.plus.aac.p.m4a""), attributes.title = c(NA, ""Preview""), `attributes.im:assetType` = c(NA, ""preview""), `im:duration.label` = c(NA, ""30000""))","list(label = c(""https://is1-ssl.mzstatic.com/image/thumb/Music221/v4/08/e2/21/08e22164-7c0b-1522-818f-e0e74f62dc49/25UMGIM69703.rgb.jpg/55x55bb.png"", ""https://is1-ssl.mzstatic.com/image/thumb/Music221/v4/08/e2/21/08e22164-7c0b-1522-818f-e0e74f62dc49/25UMGIM69703.rgb.jpg/60x60bb.png"", ""https://is1-ssl.mzstatic.com/image/thumb/Music221/v4/08/e2/21/08e22164-7c0b-1522-818f-e0e74f62dc49/25UMGIM69703.rgb.jpg/170x170bb.png""), attributes.height = c(""55"", ""60"", ""170""))",NA
"list(attributes.rel = c(""alternate"", ""enclosure""), attributes.type = c(""text/html"", ""audio/x-m4a""), attributes.href = c(""https://music.apple.com/us/album/where-is-my-husband/1838737596?i=1838737598&uo=2"", ""https://audio-ssl.itunes.apple.com/itunes-assets/AudioPreview211/v4/c7/16/34/c716348b-2768-3e4f-75d6-136bbb11ce6b/mzaf_17115623893667689076.plus.aac.p.m4a""), attributes.title = c(NA, ""Preview""), `attributes.im:assetType` = c(NA, ""preview""), `im:duration.label` = c(NA, ""30000""))","list(label = c(""https://is1-ssl.mzstatic.com/image/thumb/Music211/v4/69/10/8a/69108a18-55ec-d774-a653-90b2242733db/199538765458.jpg/55x55bb.png"", ""https://is1-ssl.mzstatic.com/image/thumb/Music211/v4/69/10/8a/69108a18-55ec-d774-a653-90b2242733db/199538765458.jpg/60x60bb.png"", ""https://is1-ssl.mzstatic.com/image/thumb/Music211/v4/69/10/8a/69108a18-55ec-d774-a653-90b2242733db/199538765458.jpg/170x170bb.png""), attributes.height = c(""55"", ""60"", ""170""))",NA
"list(attributes.rel = c(""alternate"", ""enclosure""), attributes.type = c(""text/html"", ""audio/x-m4a""), attributes.href = c(""https://music.apple.com/us/album/after-i-pass-away-slow-rock/1878954762?i=1878954773&uo=2"", ""https://audio-ssl.itunes.apple.com/itunes-assets/AudioPreview211/v4/24/8e/bc/248ebc0b-f212-7148-5ec5-f5cb922da2b8/mzaf_14510076650479102621.plus.aac.p.m4a""), attributes.title = c(NA, ""Preview""), `attributes.im:assetType` = c(NA, ""preview""), `im:duration.label` = c(NA, ""30000""))","list(label = c(""https://is1-ssl.mzstatic.com/image/thumb/Music221/v4/60/09/e3/6009e35a-b6b4-d605-654f-503d88b581d8/artwork.jpg/55x55bb.png"", ""https://is1-ssl.mzstatic.com/image/thumb/Music221/v4/60/09/e3/6009e35a-b6b4-d605-654f-503d88b581d8/artwork.jpg/60x60bb.png"", ""https://is1-ssl.mzstatic.com/image/thumb/Music221/v4/60/09/e3/6009e35a-b6b4-d605-654f-503d88b581d8/artwork.jpg/170x170bb.png""), attributes.height = c(""55"", ""60"", ""170""))",NA
"list(attributes.rel = c(""alternate"", ""enclosure""), attributes.type = c(""text/html"", ""audio/x-m4a""), attributes.href = c(""https://music.apple.com/us/album/a-little-past-little-rock-feat-jason-sellers/1444028810?i=1444028835&uo=2"", ""https://audio-ssl.itunes.apple.com/itunes-assets/AudioPreview115/v4/38/d1/0f/38d10f16-a2f4-274b-4bea-1030ad601765/mzaf_8611485751890155885.plus.aac.p.m4a""), attributes.title = c(NA, ""Preview""), `attributes.im:assetType` = c(NA, ""preview""), `im:duration.label` = c(NA, ""30000""
))","list(label = c(""https://is1-ssl.mzstatic.com/image/thumb/Music118/v4/ee/77/f1/ee77f1d3-7f60-d85f-685f-6eec39f1fdb9/00008817004020.rgb.jpg/55x55bb.png"", ""https://is1-ssl.mzstatic.com/image/thumb/Music118/v4/ee/77/f1/ee77f1d3-7f60-d85f-685f-6eec39f1fdb9/00008817004020.rgb.jpg/60x60bb.png"", ""https://is1-ssl.mzstatic.com/image/thumb/Music118/v4/ee/77/f1/ee77f1d3-7f60-d85f-685f-6eec39f1fdb9/00008817004020.rgb.jpg/170x170bb.png""), attributes.height = c(""55"", ""60"", ""170""))",NA
"list(attributes.rel = c(""alternate"", ""enclosure""), attributes.type = c(""text/html"", ""audio/x-m4a""), attributes.href = c(""https://music.apple.com/us/album/i-love-me-loud/1875270777?i=1875270778&uo=2"", ""https://audio-ssl.itunes.apple.com/itunes-assets/AudioPreview211/v4/29/96/f8/2996f8ea-408f-0162-f1f8-e47a0e7d9d80/mzaf_1306294261993743310.plus.aac.p.m4a""), attributes.title = c(NA, ""Preview""), `attributes.im:assetType` = c(NA, ""preview""), `im:duration.label` = c(NA, ""30000""))","list(label = c(""https://is1-ssl.mzstatic.com/image/thumb/Music211/v4/42/fa/6d/42fa6de0-9a06-50e6-a614-100be1aad1e8/8721465735055.png/55x55bb.png"", ""https://is1-ssl.mzstatic.com/image/thumb/Music211/v4/42/fa/6d/42fa6de0-9a06-50e6-a614-100be1aad1e8/8721465735055.png/60x60bb.png"", ""https://is1-ssl.mzstatic.com/image/thumb/Music211/v4/42/fa/6d/42fa6de0-9a06-50e6-a614-100be1aad1e8/8721465735055.png/170x170bb.png""), attributes.height = c(""55"", ""60"", ""170""))",NA
"list(attributes.rel = c(""alternate"", ""enclosure""), attributes.type = c(""text/html"", ""audio/x-m4a""), attributes.href = c(""https://music.apple.com/us/album/stateside-with-zara-larsson/1843595790?i=1843595808&uo=2"", ""https://audio-ssl.itunes.apple.com/itunes-assets/AudioPreview221/v4/5e/0b/8e/5e0b8e5f-1a32-7f1f-3b77-1d008e6e0c1e/mzaf_17111867416921804819.plus.aac.p.m4a""), attributes.title = c(NA, ""Preview""), `attributes.im:assetType` = c(NA, ""preview""), `im:duration.label` = c(NA, ""30000""))","list(label = c(""https://is1-ssl.mzstatic.com/image/thumb/Music221/v4/b0/d2/bb/b0d2bb76-41a2-1bb1-586c-107b63e4181d/5026854077819.jpg/55x55bb.png"", ""https://is1-ssl.mzstatic.com/image/thumb/Music221/v4/b0/d2/bb/b0d2bb76-41a2-1bb1-586c-107b63e4181d/5026854077819.jpg/60x60bb.png"", ""https://is1-ssl.mzstatic.com/image/thumb/Music221/v4/b0/d2/bb/b0d2bb76-41a2-1bb1-586c-107b63e4181d/5026854077819.jpg/170x170bb.png""), attributes.height = c(""55"", ""60"", ""170""))",NA
"list(attributes.rel = c(""alternate"", ""enclosure""), attributes.type = c(""text/html"", ""audio/x-m4a""), attributes.href = c(""https://music.apple.com/us/album/mcarthur/1871231823?i=1871231844&uo=2"", ""https://audio-ssl.itunes.apple.com/itunes-assets/AudioPreview221/v4/5f/60/5b/5f605b50-92bb-797a-39fd-b815d9e7edd7/mzaf_3856277307826964574.plus.aac.p.m4a""), attributes.title = c(NA, ""Preview""), `attributes.im:assetType` = c(NA, ""preview""), `im:duration.label` = c(NA, ""30000""))","list(label = c(""https://is1-ssl.mzstatic.com/image/thumb/Music211/v4/1a/cd/9b/1acd9bad-40e2-c906-5614-03edf8e929a1/26UMGIM07556.rgb.jpg/55x55bb.png"", ""https://is1-ssl.mzstatic.com/image/thumb/Music211/v4/1a/cd/9b/1acd9bad-40e2-c906-5614-03edf8e929a1/26UMGIM07556.rgb.jpg/60x60bb.png"", ""https://is1-ssl.mzstatic.com/image/thumb/Music211/v4/1a/cd/9b/1acd9bad-40e2-c906-5614-03edf8e929a1/26UMGIM07556.rgb.jpg/170x170bb.png""), attributes.height = c(""55"", ""60"", ""170""))",NA
"list(attributes.rel = c(""alternate"", ""enclosure""), attributes.type = c(""text/html"", ""audio/x-m4a""), attributes.href = c(""https://music.apple.com/us/album/you-look-like-you-love-me/1749121114?i=1749121123&uo=2"", ""https://audio-ssl.itunes.apple.com/itunes-assets/AudioPreview211/v4/14/f6/be/14f6bec3-f232-2211-042c-743d933c9c02/mzaf_7434264055963505924.plus.aac.p.m4a""), attributes.title = c(NA, ""Preview""), `attributes.im:assetType` = c(NA, ""preview""), `im:duration.label` = c(NA, ""30000""))","list(label = c(""https://is1-ssl.mzstatic.com/image/thumb/Music221/v4/62/33/40/62334080-6129-4d0c-086b-921cc956cb7a/196872090895.jpg/55x55bb.png"", ""https://is1-ssl.mzstatic.com/image/thumb/Music221/v4/62/33/40/62334080-6129-4d0c-086b-921cc956cb7a/196872090895.jpg/60x60bb.png"", ""https://is1-ssl.mzstatic.com/image/thumb/Music221/v4/62/33/40/62334080-6129-4d0c-086b-921cc956cb7a/196872090895.jpg/170x170bb.png""), attributes.height = c(""55"", ""60"", ""170""))",NA
"list(attributes.rel = c(""alternate"", ""enclosure""), attributes.type = c(""text/html"", ""audio/x-m4a""), attributes.href = c(""https://music.apple.com/us/album/die-with-a-smile/1762656724?i=1762656732&uo=2"", ""https://audio-ssl.itunes.apple.com/itunes-assets/AudioPreview211/v4/e9/d1/46/e9d14699-9505-493e-cd27-a501095c81ff/mzaf_7283388936457278756.plus.aac.p.m4a""), attributes.title = c(NA, ""Preview""), `attributes.im:assetType` = c(NA, ""preview""), `im:duration.label` = c(NA, ""30000""))","list(label = c(""https://is1-ssl.mzstatic.com/image/thumb/Music221/v4/11/ae/f2/11aef294-f57c-bab9-c9fc-529162984e62/24UMGIM85348.rgb.jpg/55x55bb.png"", ""https://is1-ssl.mzstatic.com/image/thumb/Music221/v4/11/ae/f2/11aef294-f57c-bab9-c9fc-529162984e62/24UMGIM85348.rgb.jpg/60x60bb.png"", ""https://is1-ssl.mzstatic.com/image/thumb/Music221/v4/11/ae/f2/11aef294-f57c-bab9-c9fc-529162984e62/24UMGIM85348.rgb.jpg/170x170bb.png""), attributes.height = c(""55"", ""60"", ""170""))",NA
"list(attributes.rel = c(""alternate"", ""enclosure""), attributes.type = c(""text/html"", ""audio/x-m4a""), attributes.href = c(""https://music.apple.com/us/album/sleepless-in-a-hotel-room/1862634688?i=1862634798&uo=2"", ""https://audio-ssl.itunes.apple.com/itunes-assets/AudioPreview221/v4/b9/a2/15/b9a2156b-3a3b-1cc9-22a2-f82ac7812428/mzaf_6944357687334575699.plus.aac.p.m4a""), attributes.title = c(NA, ""Preview""), `attributes.im:assetType` = c(NA, ""preview""), `im:duration.label` = c(NA, ""30000""))","list(label = c(""https://is1-ssl.mzstatic.com/image/thumb/Music221/v4/4c/b6/e5/4cb6e5b1-2db0-88c0-f025-b79cad3b8fab/196873832111.jpg/55x55bb.png"", ""https://is1-ssl.mzstatic.com/image/thumb/Music221/v4/4c/b6/e5/4cb6e5b1-2db0-88c0-f025-b79cad3b8fab/196873832111.jpg/60x60bb.png"", ""https://is1-ssl.mzstatic.com/image/thumb/Music221/v4/4c/b6/e5/4cb6e5b1-2db0-88c0-f025-b79cad3b8fab/196873832111.jpg/170x170bb.png""), attributes.height = c(""55"", ""60"", ""170""))",NA
"list(attributes.rel = c(""alternate"", ""enclosure""), attributes.type = c(""text/html"", ""audio/x-m4a""), attributes.href = c(""https://music.apple.com/us/album/string-cheese/1812956886?i=1812956887&uo=2"", ""https://audio-ssl.itunes.apple.com/itunes-assets/AudioPreview221/v4/29/32/c1/2932c1b4-eeeb-dd90-e853-47175447e355/mzaf_14520652555129037143.plus.aac.p.m4a""), attributes.title = c(NA, ""Preview""), `attributes.im:assetType` = c(NA, ""preview""), `im:duration.label` = c(NA, ""30000""))","list(label = c(""https://is1-ssl.mzstatic.com/image/thumb/Music221/v4/d4/d9/2b/d4d92b80-1ecd-879d-4e78-dc81b76e42d5/199199688691.jpg/55x55bb.png"", ""https://is1-ssl.mzstatic.com/image/thumb/Music221/v4/d4/d9/2b/d4d92b80-1ecd-879d-4e78-dc81b76e42d5/199199688691.jpg/60x60bb.png"", ""https://is1-ssl.mzstatic.com/image/thumb/Music221/v4/d4/d9/2b/d4d92b80-1ecd-879d-4e78-dc81b76e42d5/199199688691.jpg/170x170bb.png""), attributes.height = c(""55"", ""60"", ""170""))",NA
"list(attributes.rel = c(""alternate"", ""enclosure""), attributes.type = c(""text/html"", ""audio/x-m4a""), attributes.href = c(""https://music.apple.com/us/album/lose-control/1691699589?i=1691699836&uo=2"", ""https://audio-ssl.itunes.apple.com/itunes-assets/AudioPreview221/v4/9f/65/d6/9f65d67d-db40-d7da-c954-9a23d28dfe1a/mzaf_7625794503195542708.plus.aac.p.m4a""), attributes.title = c(NA, ""Preview""), `attributes.im:assetType` = c(NA, ""preview""), `im:duration.label` = c(NA, ""30000""))","list(label = c(""https://is1-ssl.mzstatic.com/image/thumb/Music126/v4/36/19/66/36196640-1561-dc5e-c6bc-1e5f4befa583/093624856771.jpg/55x55bb.png"", ""https://is1-ssl.mzstatic.com/image/thumb/Music126/v4/36/19/66/36196640-1561-dc5e-c6bc-1e5f4befa583/093624856771.jpg/60x60bb.png"", ""https://is1-ssl.mzstatic.com/image/thumb/Music126/v4/36/19/66/36196640-1561-dc5e-c6bc-1e5f4befa583/093624856771.jpg/170x170bb.png""), attributes.height = c(""55"", ""60"", ""170""))",NA
"list(attributes.rel = c(""alternate"", ""enclosure""), attributes.type = c(""text/html"", ""audio/x-m4a""), attributes.href = c(""https://music.apple.com/us/album/macarthur-park/1423304329?i=1423304868&uo=2"", ""https://audio-ssl.itunes.apple.com/itunes-assets/AudioPreview211/v4/b9/35/1c/b9351c66-58bb-4a96-aef4-33ce167d97b8/mzaf_16860494859799517610.plus.aac.p.m4a""), attributes.title = c(NA, ""Preview""), `attributes.im:assetType` = c(NA, ""preview""), `im:duration.label` = c(NA, ""30000""))","list(label = c(""https://is1-ssl.mzstatic.com/image/thumb/Music126/v4/b0/3d/23/b03d231f-3099-5409-cb9d-c7bdce71343b/06UMGIM02285.rgb.jpg/55x55bb.png"", ""https://is1-ssl.mzstatic.com/image/thumb/Music126/v4/b0/3d/23/b03d231f-3099-5409-cb9d-c7bdce71343b/06UMGIM02285.rgb.jpg/60x60bb.png"", ""https://is1-ssl.mzstatic.com/image/thumb/Music126/v4/b0/3d/23/b03d231f-3099-5409-cb9d-c7bdce71343b/06UMGIM02285.rgb.jpg/170x170bb.png""), attributes.height = c(""55"", ""60"", ""170""))",NA
"list(attributes.rel = c(""alternate"", ""enclosure""), attributes.type = c(""text/html"", ""audio/x-m4a""), attributes.href = c(""https://music.apple.com/us/album/twisting-the-knife-feat-mckenna-grace/1871023713?i=1871023730&uo=2"", ""https://audio-ssl.itunes.apple.com/itunes-assets/AudioPreview211/v4/e0/ea/29/e0ea295e-8d63-825b-6f91-117b964a95a1/mzaf_15229904632806144740.plus.aac.p.m4a""), attributes.title = c(NA, ""Preview""), `attributes.im:assetType` = c(NA, ""preview""), `im:duration.label` = c(NA, ""30000""))","list(label = c(""https://is1-ssl.mzstatic.com/image/thumb/Music221/v4/63/cf/b5/63cfb5fd-e324-a6f2-85e9-650ac31eab92/ticket.zrbtimht.jpg/55x55bb.png"", ""https://is1-ssl.mzstatic.com/image/thumb/Music221/v4/63/cf/b5/63cfb5fd-e324-a6f2-85e9-650ac31eab92/ticket.zrbtimht.jpg/60x60bb.png"", ""https://is1-ssl.mzstatic.com/image/thumb/Music221/v4/63/cf/b5/63cfb5fd-e324-a6f2-85e9-650ac31eab92/ticket.zrbtimht.jpg/170x170bb.png""), attributes.height = c(""55"", ""60"", ""170""))",NA
"list(attributes.rel = c(""alternate"", ""enclosure""), attributes.type = c(""text/html"", ""audio/x-m4a""), attributes.href = c(""https://music.apple.com/us/album/end-of-beginning/1632447652?i=1632448108&uo=2"", ""https://audio-ssl.itunes.apple.com/itunes-assets/AudioPreview221/v4/6e/df/af/6edfaf58-f901-e9b5-840b-9ac9e37f34b7/mzaf_8465065510938624101.plus.aac.p.m4a""), attributes.title = c(NA, ""Preview""), `attributes.im:assetType` = c(NA, ""preview""), `im:duration.label` = c(NA, ""30000""))","list(label = c(""https://is1-ssl.mzstatic.com/image/thumb/Music112/v4/e5/94/31/e59431de-7591-58e6-c4d4-105b6373ad6a/5056494917336_1.jpg/55x55bb.png"", ""https://is1-ssl.mzstatic.com/image/thumb/Music112/v4/e5/94/31/e59431de-7591-58e6-c4d4-105b6373ad6a/5056494917336_1.jpg/60x60bb.png"", ""https://is1-ssl.mzstatic.com/image/thumb/Music112/v4/e5/94/31/e59431de-7591-58e6-c4d4-105b6373ad6a/5056494917336_1.jpg/170x170bb.png""), attributes.height = c(""55"", ""60"", ""170""))",NA
"list(attributes.rel = c(""alternate"", ""enclosure""), attributes.type = c(""text/html"", ""audio/x-m4a""), attributes.href = c(""https://music.apple.com/us/album/fear/1848272861?i=1848272862&uo=2"", ""https://audio-ssl.itunes.apple.com/itunes-assets/AudioPreview211/v4/7f/48/12/7f4812a3-65e6-8c47-6e60-82d07b1bc8e5/mzaf_1513185103065341079.plus.aac.p.m4a""), attributes.title = c(NA, ""Preview""), `attributes.im:assetType` = c(NA, ""preview""), `im:duration.label` = c(NA, ""30000""))","list(label = c(""https://is1-ssl.mzstatic.com/image/thumb/Music221/v4/ae/31/77/ae317733-57e3-cd62-6bfe-0b1223d7e401/25UM1IM68345.rgb.jpg/55x55bb.png"", ""https://is1-ssl.mzstatic.com/image/thumb/Music221/v4/ae/31/77/ae317733-57e3-cd62-6bfe-0b1223d7e401/25UM1IM68345.rgb.jpg/60x60bb.png"", ""https://is1-ssl.mzstatic.com/image/thumb/Music221/v4/ae/31/77/ae317733-57e3-cd62-6bfe-0b1223d7e401/25UM1IM68345.rgb.jpg/170x170bb.png""), attributes.height = c(""55"", ""60"", ""170""))",NA
"list(attributes.rel = c(""alternate"", ""enclosure""), attributes.type = c(""text/html"", ""audio/x-m4a""), attributes.href = c(""https://music.apple.com/us/album/song-of-the-swamp/1876593203?i=1876593204&uo=2"", ""https://audio-ssl.itunes.apple.com/itunes-assets/AudioPreview221/v4/ea/7f/fc/ea7ffc61-229f-1318-eca4-a1cdcf9b39b3/mzaf_11001959098389242973.plus.aac.p.m4a""), attributes.title = c(NA, ""Preview""), `attributes.im:assetType` = c(NA, ""preview""), `im:duration.label` = c(NA, ""30000""))","list(label = c(""https://is1-ssl.mzstatic.com/image/thumb/Music221/v4/96/a0/6d/96a06dcd-035b-95d0-1051-446bf0208b58/26CRGIM53912.rgb.jpg/55x55bb.png"", ""https://is1-ssl.mzstatic.com/image/thumb/Music221/v4/96/a0/6d/96a06dcd-035b-95d0-1051-446bf0208b58/26CRGIM53912.rgb.jpg/60x60bb.png"", ""https://is1-ssl.mzstatic.com/image/thumb/Music221/v4/96/a0/6d/96a06dcd-035b-95d0-1051-446bf0208b58/26CRGIM53912.rgb.jpg/170x170bb.png""), attributes.height = c(""55"", ""60"", ""170""))",NA
"list(attributes.rel = c(""alternate"", ""enclosure""), attributes.type = c(""text/html"", ""audio/x-m4a""), attributes.href = c(""https://music.apple.com/us/album/black-sheep/1847958506?i=1847958507&uo=2"", ""https://audio-ssl.itunes.apple.com/itunes-assets/AudioPreview211/v4/a3/66/a1/a366a151-7879-1962-433d-7e42787a075f/mzaf_1928974510369041576.plus.aac.p.m4a""), attributes.title = c(NA, ""Preview""), `attributes.im:assetType` = c(NA, ""preview""), `im:duration.label` = c(NA, ""30000""))","list(label = c(""https://is1-ssl.mzstatic.com/image/thumb/Music221/v4/fe/18/fc/fe18fc8e-e514-cadf-a726-d677a8e02b1d/artwork.jpg/55x55bb.png"", ""https://is1-ssl.mzstatic.com/image/thumb/Music221/v4/fe/18/fc/fe18fc8e-e514-cadf-a726-d677a8e02b1d/artwork.jpg/60x60bb.png"", ""https://is1-ssl.mzstatic.com/image/thumb/Music221/v4/fe/18/fc/fe18fc8e-e514-cadf-a726-d677a8e02b1d/artwork.jpg/170x170bb.png""), attributes.height = c(""55"", ""60"", ""170""))",NA
"list(attributes.rel = c(""alternate"", ""enclosure""), attributes.type = c(""text/html"", ""audio/x-m4a""), attributes.href = c(""https://music.apple.com/us/album/empty-words/1876625197?i=1876625198&uo=2"", ""https://audio-ssl.itunes.apple.com/itunes-assets/AudioPreview221/v4/f0/bf/38/f0bf387c-cfdb-1e31-9c8d-1ac421e557e5/mzaf_5368192618531259188.plus.aac.p.m4a""), attributes.title = c(NA, ""Preview""), `attributes.im:assetType` = c(NA, ""preview""), `im:duration.label` = c(NA, ""30000""))","list(label = c(""https://is1-ssl.mzstatic.com/image/thumb/Music211/v4/bd/79/87/bd7987fa-bb0d-148d-ab35-deece7c24de5/196874101148.jpg/55x55bb.png"", ""https://is1-ssl.mzstatic.com/image/thumb/Music211/v4/bd/79/87/bd7987fa-bb0d-148d-ab35-deece7c24de5/196874101148.jpg/60x60bb.png"", ""https://is1-ssl.mzstatic.com/image/thumb/Music211/v4/bd/79/87/bd7987fa-bb0d-148d-ab35-deece7c24de5/196874101148.jpg/170x170bb.png""), attributes.height = c(""55"", ""60"", ""170""))",NA
"list(attributes.rel = c(""alternate"", ""enclosure""), attributes.type = c(""text/html"", ""audio/x-m4a""), attributes.href = c(""https://music.apple.com/us/album/nuevayol/1787022393?i=1787022572&uo=2"", ""https://audio-ssl.itunes.apple.com/itunes-assets/AudioPreview221/v4/2e/97/55/2e97555a-1ed3-9e07-de57-07e1213186c9/mzaf_7594924455925081680.plus.aac.p.m4a""), attributes.title = c(NA, ""Preview""), `attributes.im:assetType` = c(NA, ""preview""), `im:duration.label` = c(NA, ""30000""))","list(label = c(""https://is1-ssl.mzstatic.com/image/thumb/Music221/v4/90/5e/7e/905e7ed5-a8fa-a8f3-cd06-0028fdf3afaa/199066342442.jpg/55x55bb.png"", ""https://is1-ssl.mzstatic.com/image/thumb/Music221/v4/90/5e/7e/905e7ed5-a8fa-a8f3-cd06-0028fdf3afaa/199066342442.jpg/60x60bb.png"", ""https://is1-ssl.mzstatic.com/image/thumb/Music221/v4/90/5e/7e/905e7ed5-a8fa-a8f3-cd06-0028fdf3afaa/199066342442.jpg/170x170bb.png""), attributes.height = c(""55"", ""60"", ""170""))",NA
"list(attributes.rel = c(""alternate"", ""enclosure""), attributes.type = c(""text/html"", ""audio/x-m4a""), attributes.href = c(""https://music.apple.com/us/album/til-you-cant/1875354792?i=1875354793&uo=2"", ""https://audio-ssl.itunes.apple.com/itunes-assets/AudioPreview211/v4/08/da/47/08da472d-59d2-02ec-12fc-9376eee47969/mzaf_3438471932621697752.plus.aac.p.m4a""), attributes.title = c(NA, ""Preview""), `attributes.im:assetType` = c(NA, ""preview""), `im:duration.label` = c(NA, ""30000""))","list(label = c(""https://is1-ssl.mzstatic.com/image/thumb/Music211/v4/f2/7c/e1/f27ce111-7323-70ac-0924-7fdcf06ed998/artwork.jpg/55x55bb.png"", ""https://is1-ssl.mzstatic.com/image/thumb/Music211/v4/f2/7c/e1/f27ce111-7323-70ac-0924-7fdcf06ed998/artwork.jpg/60x60bb.png"", ""https://is1-ssl.mzstatic.com/image/thumb/Music211/v4/f2/7c/e1/f27ce111-7323-70ac-0924-7fdcf06ed998/artwork.jpg/170x170bb.png""), attributes.height = c(""55"", ""60"", ""170""))",NA
"list(attributes.rel = c(""alternate"", ""enclosure""), attributes.type = c(""text/html"", ""audio/x-m4a""), attributes.href = c(""https://music.apple.com/us/album/chains-of-love/1852566184?i=1852566434&uo=2"", ""https://audio-ssl.itunes.apple.com/itunes-assets/AudioPreview221/v4/33/28/30/33283099-23d3-5f53-7b0d-e9034c6cc6d0/mzaf_4013520680801520228.plus.aac.p.m4a""), attributes.title = c(NA, ""Preview""), `attributes.im:assetType` = c(NA, ""preview""), `im:duration.label` = c(NA, ""30000""))","list(label = c(""https://is1-ssl.mzstatic.com/image/thumb/Music211/v4/a8/e6/66/a8e6669b-9028-900c-adb9-05d4ddee4625/075679591906.jpg/55x55bb.png"", ""https://is1-ssl.mzstatic.com/image/thumb/Music211/v4/a8/e6/66/a8e6669b-9028-900c-adb9-05d4ddee4625/075679591906.jpg/60x60bb.png"", ""https://is1-ssl.mzstatic.com/image/thumb/Music211/v4/a8/e6/66/a8e6669b-9028-900c-adb9-05d4ddee4625/075679591906.jpg/170x170bb.png""), attributes.height = c(""55"", ""60"", ""170""))",NA
"list(attributes.rel = c(""alternate"", ""enclosure""), attributes.type = c(""text/html"", ""audio/x-m4a""), attributes.href = c(""https://music.apple.com/us/album/fall-for-you/1857320681?i=1857320686&uo=2"", ""https://audio-ssl.itunes.apple.com/itunes-assets/AudioPreview211/v4/f9/8b/82/f98b824b-1810-5af7-c57d-715e500017da/mzaf_1006206383137860319.plus.aac.p.m4a""), attributes.title = c(NA, ""Preview""), `attributes.im:assetType` = c(NA, ""preview""), `im:duration.label` = c(NA, ""30000""))","list(label = c(""https://is1-ssl.mzstatic.com/image/thumb/Music211/v4/b6/6e/f8/b66ef84b-122c-c511-39fa-37e9575b2045/artwork.jpg/55x55bb.png"", ""https://is1-ssl.mzstatic.com/image/thumb/Music211/v4/b6/6e/f8/b66ef84b-122c-c511-39fa-37e9575b2045/artwork.jpg/60x60bb.png"", ""https://is1-ssl.mzstatic.com/image/thumb/Music211/v4/b6/6e/f8/b66ef84b-122c-c511-39fa-37e9575b2045/artwork.jpg/170x170bb.png""), attributes.height = c(""55"", ""60"", ""170""))",NA
"list(attributes.rel = c(""alternate"", ""enclosure""), attributes.type = c(""text/html"", ""audio/x-m4a""), attributes.href = c(""https://music.apple.com/us/album/dont-play-with-me/1875433629?i=1875433630&uo=2"", ""https://audio-ssl.itunes.apple.com/itunes-assets/AudioPreview211/v4/00/bc/7f/00bc7ff1-37a1-4d1c-ab87-1b992523c2f5/mzaf_18022828927113987728.plus.aac.p.m4a""), attributes.title = c(NA, ""Preview""), `attributes.im:assetType` = c(NA, ""preview""), `im:duration.label` = c(NA, ""30000""))","list(label = c(""https://is1-ssl.mzstatic.com/image/thumb/Music211/v4/39/24/b4/3924b446-689d-0719-34be-ff970f8084fb/199937682905.png/55x55bb.png"", ""https://is1-ssl.mzstatic.com/image/thumb/Music211/v4/39/24/b4/3924b446-689d-0719-34be-ff970f8084fb/199937682905.png/60x60bb.png"", ""https://is1-ssl.mzstatic.com/image/thumb/Music211/v4/39/24/b4/3924b446-689d-0719-34be-ff970f8084fb/199937682905.png/170x170bb.png""), attributes.height = c(""55"", ""60"", ""170""))",NA
"list(attributes.rel = c(""alternate"", ""enclosure""), attributes.type = c(""text/html"", ""audio/x-m4a""), attributes.href = c(""https://music.apple.com/us/album/the-fall/1769023107?i=1769025042&uo=2"", ""https://audio-ssl.itunes.apple.com/itunes-assets/AudioPreview221/v4/9b/76/27/9b762732-c08b-781c-6a32-e58290f5519e/mzaf_1964061036299164409.plus.aac.p.m4a""), attributes.title = c(NA, ""Preview""), `attributes.im:assetType` = c(NA, ""preview""), `im:duration.label` = c(NA, ""30000""))","list(label = c(""https://is1-ssl.mzstatic.com/image/thumb/Music221/v4/98/88/4b/98884ba1-fe25-76b8-211f-ebfb3d000fd5/093624838982.jpg/55x55bb.png"", ""https://is1-ssl.mzstatic.com/image/thumb/Music221/v4/98/88/4b/98884ba1-fe25-76b8-211f-ebfb3d000fd5/093624838982.jpg/60x60bb.png"", ""https://is1-ssl.mzstatic.com/image/thumb/Music221/v4/98/88/4b/98884ba1-fe25-76b8-211f-ebfb3d000fd5/093624838982.jpg/170x170bb.png""), attributes.height = c(""55"", ""60"", ""170""))",NA
"list(attributes.rel = c(""alternate"", ""enclosure""), attributes.type = c(""text/html"", ""audio/x-m4a""), attributes.href = c(""https://music.apple.com/us/album/homewrecker/1871595252?i=1871595253&uo=2"", ""https://audio-ssl.itunes.apple.com/itunes-assets/AudioPreview221/v4/2e/1b/6a/2e1b6ac5-9248-a622-1558-4ca1eb129afd/mzaf_17886671279380054774.plus.aac.p.m4a""), attributes.title = c(NA, ""Preview""), `attributes.im:assetType` = c(NA, ""preview""), `im:duration.label` = c(NA, ""30000""))","list(label = c(""https://is1-ssl.mzstatic.com/image/thumb/Music221/v4/84/bf/fb/84bffb0a-023f-419f-d5f7-6636f4e5d970/054391221933.jpg/55x55bb.png"", ""https://is1-ssl.mzstatic.com/image/thumb/Music221/v4/84/bf/fb/84bffb0a-023f-419f-d5f7-6636f4e5d970/054391221933.jpg/60x60bb.png"", ""https://is1-ssl.mzstatic.com/image/thumb/Music221/v4/84/bf/fb/84bffb0a-023f-419f-d5f7-6636f4e5d970/054391221933.jpg/170x170bb.png""), attributes.height = c(""55"", ""60"", ""170""))",NA
"list(attributes.rel = c(""alternate"", ""enclosure""), attributes.type = c(""text/html"", ""audio/x-m4a""), attributes.href = c(""https://music.apple.com/us/album/let-me-be/1870098953?i=1870098954&uo=2"", ""https://audio-ssl.itunes.apple.com/itunes-assets/AudioPreview221/v4/3c/20/3f/3c203f75-08d6-9033-911b-f93e0728f024/mzaf_9276423684604460542.plus.aac.p.m4a""), attributes.title = c(NA, ""Preview""), `attributes.im:assetType` = c(NA, ""preview""), `im:duration.label` = c(NA, ""30000""))","list(label = c(""https://is1-ssl.mzstatic.com/image/thumb/Music211/v4/70/7e/0f/707e0f1f-1e24-ae3a-454f-49c82d6223c1/artwork.jpg/55x55bb.png"", ""https://is1-ssl.mzstatic.com/image/thumb/Music211/v4/70/7e/0f/707e0f1f-1e24-ae3a-454f-49c82d6223c1/artwork.jpg/60x60bb.png"", ""https://is1-ssl.mzstatic.com/image/thumb/Music211/v4/70/7e/0f/707e0f1f-1e24-ae3a-454f-49c82d6223c1/artwork.jpg/170x170bb.png""), attributes.height = c(""55"", ""60"", ""170""))",NA
"list(attributes.rel = c(""alternate"", ""enclosure""), attributes.type = c(""text/html"", ""audio/x-m4a""), attributes.href = c(""https://music.apple.com/us/album/kill-it-queen/1877180691?i=1877180814&uo=2"", ""https://audio-ssl.itunes.apple.com/itunes-assets/AudioPreview221/v4/12/b6/0f/12b60f9d-9936-906b-b7d1-c3ae8ac95ed8/mzaf_559548585513564481.plus.aac.p.m4a""), attributes.title = c(NA, ""Preview""), `attributes.im:assetType` = c(NA, ""preview""), `im:duration.label` = c(NA, ""30000""))","list(label = c(""https://is1-ssl.mzstatic.com/image/thumb/Music221/v4/aa/ed/15/aaed15f6-e7aa-40e4-d02f-ae8297874d14/840471814238.png/55x55bb.png"", ""https://is1-ssl.mzstatic.com/image/thumb/Music221/v4/aa/ed/15/aaed15f6-e7aa-40e4-d02f-ae8297874d14/840471814238.png/60x60bb.png"", ""https://is1-ssl.mzstatic.com/image/thumb/Music221/v4/aa/ed/15/aaed15f6-e7aa-40e4-d02f-ae8297874d14/840471814238.png/170x170bb.png""), attributes.height = c(""55"", ""60"", ""170""))",NA
"list(attributes.rel = c(""alternate"", ""enclosure""), attributes.type = c(""text/html"", ""audio/x-m4a""), attributes.href = c(""https://music.apple.com/us/album/better-me-for-you-brown-eyes/1778758844?i=1778759151&uo=2"", ""https://audio-ssl.itunes.apple.com/itunes-assets/AudioPreview211/v4/9e/36/e8/9e36e862-360c-3b03-ceca-88d99634f9f6/mzaf_17872433154218615850.plus.aac.p.m4a""), attributes.title = c(NA, ""Preview""), `attributes.im:assetType` = c(NA, ""preview""), `im:duration.label` = c(NA, ""30000""))","list(label = c(""https://is1-ssl.mzstatic.com/image/thumb/Music211/v4/e1/f6/d3/e1f6d3fc-f678-9dca-1940-58132936e7f8/850064541380.jpg/55x55bb.png"", ""https://is1-ssl.mzstatic.com/image/thumb/Music211/v4/e1/f6/d3/e1f6d3fc-f678-9dca-1940-58132936e7f8/850064541380.jpg/60x60bb.png"", ""https://is1-ssl.mzstatic.com/image/thumb/Music211/v4/e1/f6/d3/e1f6d3fc-f678-9dca-1940-58132936e7f8/850064541380.jpg/170x170bb.png""), attributes.height = c(""55"", ""60"", ""170""))",NA
"list(attributes.rel = c(""alternate"", ""enclosure""), attributes.type = c(""text/html"", ""audio/x-m4a""), attributes.href = c(""https://music.apple.com/us/album/werent-for-the-wind/1770160322?i=1770160814&uo=2"", ""https://audio-ssl.itunes.apple.com/itunes-assets/AudioPreview221/v4/34/0c/c5/340cc5c4-494a-8cb2-39b7-e3febbbcddbb/mzaf_523765946771939719.plus.aac.p.m4a""), attributes.title = c(NA, ""Preview""), `attributes.im:assetType` = c(NA, ""preview""), `im:duration.label` = c(NA, ""30000""))","list(label = c(""https://is1-ssl.mzstatic.com/image/thumb/Music221/v4/ef/f1/65/eff16551-2b83-202a-f923-a655a57c61b8/196872452563.jpg/55x55bb.png"", ""https://is1-ssl.mzstatic.com/image/thumb/Music221/v4/ef/f1/65/eff16551-2b83-202a-f923-a655a57c61b8/196872452563.jpg/60x60bb.png"", ""https://is1-ssl.mzstatic.com/image/thumb/Music221/v4/ef/f1/65/eff16551-2b83-202a-f923-a655a57c61b8/196872452563.jpg/170x170bb.png""), attributes.height = c(""55"", ""60"", ""170""))",NA
"list(attributes.rel = c(""alternate"", ""enclosure""), attributes.type = c(""text/html"", ""audio/x-m4a""), attributes.href = c(""https://music.apple.com/us/album/days-like-these/1862634688?i=1862634694&uo=2"", ""https://audio-ssl.itunes.apple.com/itunes-assets/AudioPreview211/v4/b5/16/aa/b516aa3e-a001-d56d-ab1c-71408da049a8/mzaf_11759731893623817715.plus.aac.p.m4a""), attributes.title = c(NA, ""Preview""), `attributes.im:assetType` = c(NA, ""preview""), `im:duration.label` = c(NA, ""30000""))","list(label = c(""https://is1-ssl.mzstatic.com/image/thumb/Music221/v4/4c/b6/e5/4cb6e5b1-2db0-88c0-f025-b79cad3b8fab/196873832111.jpg/55x55bb.png"", ""https://is1-ssl.mzstatic.com/image/thumb/Music221/v4/4c/b6/e5/4cb6e5b1-2db0-88c0-f025-b79cad3b8fab/196873832111.jpg/60x60bb.png"", ""https://is1-ssl.mzstatic.com/image/thumb/Music221/v4/4c/b6/e5/4cb6e5b1-2db0-88c0-f025-b79cad3b8fab/196873832111.jpg/170x170bb.png""), attributes.height = c(""55"", ""60"", ""170""))",NA
"list(attributes.rel = c(""alternate"", ""enclosure""), attributes.type = c(""text/html"", ""audio/x-m4a""), attributes.href = c(""https://music.apple.com/us/album/landslide-remastered/1308648830?i=1308648844&uo=2"", ""https://audio-ssl.itunes.apple.com/itunes-assets/AudioPreview211/v4/c2/88/e5/c288e5f6-d8dc-d8a7-8d90-f8a609b3249e/mzaf_11381701045348127730.plus.aac.p.m4a""), attributes.title = c(NA, ""Preview""), `attributes.im:assetType` = c(NA, ""preview""), `im:duration.label` = c(NA, ""30000""))","list(label = c(""https://is1-ssl.mzstatic.com/image/thumb/Music125/v4/64/cc/0b/64cc0b3b-92fb-66cf-1240-e2afba504e4b/603497863105.jpg/55x55bb.png"", ""https://is1-ssl.mzstatic.com/image/thumb/Music125/v4/64/cc/0b/64cc0b3b-92fb-66cf-1240-e2afba504e4b/603497863105.jpg/60x60bb.png"", ""https://is1-ssl.mzstatic.com/image/thumb/Music125/v4/64/cc/0b/64cc0b3b-92fb-66cf-1240-e2afba504e4b/603497863105.jpg/170x170bb.png""), attributes.height = c(""55"", ""60"", ""170""))",NA
"list(attributes.rel = c(""alternate"", ""enclosure""), attributes.type = c(""text/html"", ""audio/x-m4a""), attributes.href = c(""https://music.apple.com/us/album/thunderstruck/574049507?i=574051407&uo=2"", ""https://audio-ssl.itunes.apple.com/itunes-assets/AudioPreview125/v4/f3/45/64/f3456422-afe5-5218-0144-6a2dd6754a2b/mzaf_8906497323614731144.plus.aac.p.m4a""), attributes.title = c(NA, ""Preview""), `attributes.im:assetType` = c(NA, ""preview""), `im:duration.label` = c(NA, ""30000""))","list(label = c(""https://is1-ssl.mzstatic.com/image/thumb/Features114/v4/fc/c2/f8/fcc2f850-1d81-7440-c0a0-de7fcef1e911/dj.rrgizfic.jpg/55x55bb.png"", ""https://is1-ssl.mzstatic.com/image/thumb/Features114/v4/fc/c2/f8/fcc2f850-1d81-7440-c0a0-de7fcef1e911/dj.rrgizfic.jpg/60x60bb.png"", ""https://is1-ssl.mzstatic.com/image/thumb/Features114/v4/fc/c2/f8/fcc2f850-1d81-7440-c0a0-de7fcef1e911/dj.rrgizfic.jpg/170x170bb.png""), attributes.height = c(""55"", ""60"", ""170""))",NA
"list(attributes.rel = c(""alternate"", ""enclosure""), attributes.type = c(""text/html"", ""audio/x-m4a""), attributes.href = c(""https://music.apple.com/us/album/beautiful-things/1724488123?i=1724488124&uo=2"", ""https://audio-ssl.itunes.apple.com/itunes-assets/AudioPreview211/v4/4d/d5/00/4dd5006f-ee02-c3f1-94db-0ed4b8dd68f1/mzaf_14250561294796027079.plus.aac.p.m4a""), attributes.title = c(NA, ""Preview""), `attributes.im:assetType` = c(NA, ""preview""), `im:duration.label` = c(NA, ""30000""))","list(label = c(""https://is1-ssl.mzstatic.com/image/thumb/Music116/v4/54/f4/92/54f49210-e260-b519-ebbd-f4f40ee710cd/054391342751.jpg/55x55bb.png"", ""https://is1-ssl.mzstatic.com/image/thumb/Music116/v4/54/f4/92/54f49210-e260-b519-ebbd-f4f40ee710cd/054391342751.jpg/60x60bb.png"", ""https://is1-ssl.mzstatic.com/image/thumb/Music116/v4/54/f4/92/54f49210-e260-b519-ebbd-f4f40ee710cd/054391342751.jpg/170x170bb.png""), attributes.height = c(""55"", ""60"", ""170""))",NA
"list(attributes.rel = c(""alternate"", ""enclosure""), attributes.type = c(""text/html"", ""audio/x-m4a""), attributes.href = c(""https://music.apple.com/us/album/make-it-well-movie-sessions/1872775834?i=1872775835&uo=2"", ""https://audio-ssl.itunes.apple.com/itunes-assets/AudioPreview221/v4/27/30/1e/27301e80-3d2b-c286-98fb-488c9bfae87a/mzaf_13807047640700903591.plus.aac.p.m4a""), attributes.title = c(NA, ""Preview""), `attributes.im:assetType` = c(NA, ""preview""), `im:duration.label` = c(NA, ""30000""))","list(label = c(""https://is1-ssl.mzstatic.com/image/thumb/Music211/v4/55/78/93/55789362-a350-5f8e-aaaf-05da81c001d8/196874028261.jpg/55x55bb.png"", ""https://is1-ssl.mzstatic.com/image/thumb/Music211/v4/55/78/93/55789362-a350-5f8e-aaaf-05da81c001d8/196874028261.jpg/60x60bb.png"", ""https://is1-ssl.mzstatic.com/image/thumb/Music211/v4/55/78/93/55789362-a350-5f8e-aaaf-05da81c001d8/196874028261.jpg/170x170bb.png""), attributes.height = c(""55"", ""60"", ""170""))",NA
"list(attributes.rel = c(""alternate"", ""enclosure""), attributes.type = c(""text/html"", ""audio/x-m4a""), attributes.href = c(""https://music.apple.com/us/album/after-im-gone-slow-rock/1879315924?i=1879316142&uo=2"", ""https://audio-ssl.itunes.apple.com/itunes-assets/AudioPreview221/v4/e9/14/39/e91439bf-c713-712b-0306-b2f5f995d6a1/mzaf_13145006925549865391.plus.aac.p.m4a""), attributes.title = c(NA, ""Preview""), `attributes.im:assetType` = c(NA, ""preview""), `im:duration.label` = c(NA, ""30000""))","list(label = c(""https://is1-ssl.mzstatic.com/image/thumb/Music221/v4/36/af/0f/36af0f7f-9df6-2e6a-c7d0-da33bce0ed96/artwork.jpg/55x55bb.png"", ""https://is1-ssl.mzstatic.com/image/thumb/Music221/v4/36/af/0f/36af0f7f-9df6-2e6a-c7d0-da33bce0ed96/artwork.jpg/60x60bb.png"", ""https://is1-ssl.mzstatic.com/image/thumb/Music221/v4/36/af/0f/36af0f7f-9df6-2e6a-c7d0-da33bce0ed96/artwork.jpg/170x170bb.png""), attributes.height = c(""55"", ""60"", ""170""))",NA
